shop_type,tradeable_code,vanilla_base_purchase,vanilla_base_sell,phazeout_purchase_override,phazeout_sell_override,phazeout_can_buy,effective_purchase_note,effective_sell_note
Armory,12_Gauge_BirdShot,10,4,,,,game/vanilla (no PhazeOut override),game/vanilla (no PhazeOut override)
Armory,12_Gauge_BirdShot_Ammobox,200,83,,,,game/vanilla (no PhazeOut override),game/vanilla (no PhazeOut override)
Armory,12_Gauge_Buckshot,25,10,,,,game/vanilla (no PhazeOut override),game/vanilla (no PhazeOut override)
Armory,12_Gauge_Buckshot_Ammobox,500,208,,,,game/vanilla (no PhazeOut override),game/vanilla (no PhazeOut override)
Armory,12_Gauge_Buckshot_Crafted,6,2,,,,game/vanilla (no PhazeOut override),game/vanilla (no PhazeOut override)
Armory,12_Gauge_Slug,30,12,,,,game/vanilla (no PhazeOut override),game/vanilla (no PhazeOut override)
Armory,12_Gauge_Slug_Ammobox,600,249,,,,game/vanilla (no PhazeOut override),game/vanilla (no PhazeOut override)
Armory,1H_Brass_knuckles,77,32,,,,game/vanilla (no PhazeOut override),game/vanilla (no PhazeOut override)
Armory,1H_DannyMachete,7,3,,,,game/vanilla (no PhazeOut override),game/vanilla (no PhazeOut override)
Armory,1H_EMpossible_Knife,550,229,,,,game/vanilla (no PhazeOut override),game/vanilla (no PhazeOut override)
Armory,1H_Hunter,440,183,,,,game/vanilla (no PhazeOut override),game/vanilla (no PhazeOut override)
Armory,1H_ImprovisedKnife,27,0,,,,game/vanilla (no PhazeOut override),game/vanilla (no PhazeOut override)
Armory,1H_Kunai,330,45,,,,game/vanilla (no PhazeOut override),game/vanilla (no PhazeOut override)
Armory,1H_MK5000_Black,440,183,,,,game/vanilla (no PhazeOut override),game/vanilla (no PhazeOut override)
Armory,1H_MK5000_Metal,440,183,,,,game/vanilla (no PhazeOut override),game/vanilla (no PhazeOut override)
Armory,1H_Medieval_Sword,3300,1375,,,,game/vanilla (no PhazeOut override),game/vanilla (no PhazeOut override)
Armory,1H_Metal_Sword,330,45,,,,game/vanilla (no PhazeOut override),game/vanilla (no PhazeOut override)
Armory,1H_Military_Shovel,1650,687,,,,game/vanilla (no PhazeOut override),game/vanilla (no PhazeOut override)
Armory,1H_Military_Survival_Knife,2200,458,,,,game/vanilla (no PhazeOut override),game/vanilla (no PhazeOut override)
Armory,1H_Military_Tomahawk,1650,687,,,,game/vanilla (no PhazeOut override),game/vanilla (no PhazeOut override)
Armory,1H_N9_Black,2200,458,,,,game/vanilla (no PhazeOut override),game/vanilla (no PhazeOut override)
Armory,1H_N9_White,2200,458,,,,game/vanilla (no PhazeOut override),game/vanilla (no PhazeOut override)
Armory,1H_Police_Baton,550,229,,,,game/vanilla (no PhazeOut override),game/vanilla (no PhazeOut override)
Armory,1H_RaymondCruz_Knife,7,3,,,,game/vanilla (no PhazeOut override),game/vanilla (no PhazeOut override)
Armory,1H_Scout_Black,440,183,,,,game/vanilla (no PhazeOut override),game/vanilla (no PhazeOut override)
Armory,1H_Scout_White,440,183,,,,game/vanilla (no PhazeOut override),game/vanilla (no PhazeOut override)
Armory,1H_Shuriken,330,137,,,,game/vanilla (no PhazeOut override),game/vanilla (no PhazeOut override)
Armory,1H_Small_Axe,1100,458,,,,game/vanilla (no PhazeOut override),game/vanilla (no PhazeOut override)
Armory,1H_Stone_Axe,82,0,,,,game/vanilla (no PhazeOut override),game/vanilla (no PhazeOut override)
Armory,1H_Traynors_Axe,1650,687,,,,game/vanilla (no PhazeOut override),game/vanilla (no PhazeOut override)
Armory,1H_Wooden_club,220,1,,,,game/vanilla (no PhazeOut override),game/vanilla (no PhazeOut override)
Armory,1H_Wooden_club_with_spikes,440,19,,,,game/vanilla (no PhazeOut override),game/vanilla (no PhazeOut override)
Armory,1H_Wooden_club_with_wire,330,10,,,,game/vanilla (no PhazeOut override),game/vanilla (no PhazeOut override)
Armory,2H_Axe,1650,687,,,,game/vanilla (no PhazeOut override),game/vanilla (no PhazeOut override)
Armory,2H_Baseball_Bat,440,183,,,,game/vanilla (no PhazeOut override),game/vanilla (no PhazeOut override)
Armory,2H_Baseball_Bat_Blaze,2200,916,,,,game/vanilla (no PhazeOut override),game/vanilla (no PhazeOut override)
Armory,2H_Baseball_Bat_with_spikes,660,275,,,,game/vanilla (no PhazeOut override),game/vanilla (no PhazeOut override)
Armory,2H_Baseball_Bat_with_wire,550,229,,,,game/vanilla (no PhazeOut override),game/vanilla (no PhazeOut override)
Armory,2H_Katana,8800,3666,,,,game/vanilla (no PhazeOut override),game/vanilla (no PhazeOut override)
Armory,2H_Katana1,11000,4583,,,,game/vanilla (no PhazeOut override),game/vanilla (no PhazeOut override)
Armory,2H_La_Hacha_Axe,7,3,,,,game/vanilla (no PhazeOut override),game/vanilla (no PhazeOut override)
Armory,2H_Metal_Axe,550,114,,,,game/vanilla (no PhazeOut override),game/vanilla (no PhazeOut override)
Armory,2H_Metal_Baseball_Bat,1100,458,,,,game/vanilla (no PhazeOut override),game/vanilla (no PhazeOut override)
Armory,2H_Stone_Axe,440,1,,,,game/vanilla (no PhazeOut override),game/vanilla (no PhazeOut override)
Armory,2H_Tang_Dao,8800,3666,,,,game/vanilla (no PhazeOut override),game/vanilla (no PhazeOut override)
Armory,2H_Tang_Dao_Black_Dragon,8800,3666,,,,game/vanilla (no PhazeOut override),game/vanilla (no PhazeOut override)
Armory,2H_Tang_Dao_Damascus,8800,3666,,,,game/vanilla (no PhazeOut override),game/vanilla (no PhazeOut override)
Armory,2H_Wooden_Sword,165,13,,,,game/vanilla (no PhazeOut override),game/vanilla (no PhazeOut override)
Armory,2H_ZhanMaDao_Sword,8800,3666,,,,game/vanilla (no PhazeOut override),game/vanilla (no PhazeOut override)
Armory,Armor_Police_Vest_01,2400,999,,,,game/vanilla (no PhazeOut override),game/vanilla (no PhazeOut override)
Armory,Armor_Tactical_Vest_01_01,2400,999,,,,game/vanilla (no PhazeOut override),game/vanilla (no PhazeOut override)
Armory,Armor_Tactical_Vest_01_02,2400,999,,,,game/vanilla (no PhazeOut override),game/vanilla (no PhazeOut override)
Armory,Armor_Tactical_Vest_01_03,2400,999,,,,game/vanilla (no PhazeOut override),game/vanilla (no PhazeOut override)
Armory,Armor_Tactical_Vest_01_04,2400,999,,,,game/vanilla (no PhazeOut override),game/vanilla (no PhazeOut override)
Armory,Armor_Tactical_Vest_01_05,2400,999,,,,game/vanilla (no PhazeOut override),game/vanilla (no PhazeOut override)
Armory,Belt_Pistol_Holster,500,83,,,,game/vanilla (no PhazeOut override),game/vanilla (no PhazeOut override)
Armory,Beret_01,330,110,,,,game/vanilla (no PhazeOut override),game/vanilla (no PhazeOut override)
Armory,Beret_02,330,110,,,,game/vanilla (no PhazeOut override),game/vanilla (no PhazeOut override)
Armory,Beret_03,330,110,,,,game/vanilla (no PhazeOut override),game/vanilla (no PhazeOut override)
Armory,Beret_04,330,110,,,,game/vanilla (no PhazeOut override),game/vanilla (no PhazeOut override)
Armory,Beret_05,330,110,,,,game/vanilla (no PhazeOut override),game/vanilla (no PhazeOut override)
Armory,Beret_06,330,110,,,,game/vanilla (no PhazeOut override),game/vanilla (no PhazeOut override)
Armory,Blast_Cap,550,34,,,,game/vanilla (no PhazeOut override),game/vanilla (no PhazeOut override)
Armory,Bulletproof_Vest_01,1440,600,,,,game/vanilla (no PhazeOut override),game/vanilla (no PhazeOut override)
Armory,Bulletproof_Vest_01_02,1440,600,,,,game/vanilla (no PhazeOut override),game/vanilla (no PhazeOut override)
Armory,Bulletproof_Vest_01_03,1440,600,,,,game/vanilla (no PhazeOut override),game/vanilla (no PhazeOut override)
Armory,Bulletproof_Vest_01_04,1440,600,,,,game/vanilla (no PhazeOut override),game/vanilla (no PhazeOut override)
Armory,Bulletproof_Vest_01_05,1440,600,,,,game/vanilla (no PhazeOut override),game/vanilla (no PhazeOut override)
Armory,C4,110000,1100,,,,game/vanilla (no PhazeOut override),game/vanilla (no PhazeOut override)
Armory,C4_CircuitBoard,11000,550,,,,game/vanilla (no PhazeOut override),game/vanilla (no PhazeOut override)
Armory,C4_Detonator,11000,550,,,,game/vanilla (no PhazeOut override),game/vanilla (no PhazeOut override)
Armory,C4_Keypad,11000,550,,,,game/vanilla (no PhazeOut override),game/vanilla (no PhazeOut override)
Armory,C4_Pack,11000,550,,,,game/vanilla (no PhazeOut override),game/vanilla (no PhazeOut override)
Armory,CD_Player,1650,412,,,,game/vanilla (no PhazeOut override),game/vanilla (no PhazeOut override)
Armory,Cal_22,10,4,,,,game/vanilla (no PhazeOut override),game/vanilla (no PhazeOut override)
Armory,Cal_22_Ammobox,200,83,,,,game/vanilla (no PhazeOut override),game/vanilla (no PhazeOut override)
Armory,Cal_22_Ammobox_TR,220,91,,,,game/vanilla (no PhazeOut override),game/vanilla (no PhazeOut override)
Armory,Cal_22_Crafted,5,2,,,,game/vanilla (no PhazeOut override),game/vanilla (no PhazeOut override)
Armory,Cal_22_TR,11,4,,,,game/vanilla (no PhazeOut override),game/vanilla (no PhazeOut override)
Armory,Cal_30-06,40,16,,,,game/vanilla (no PhazeOut override),game/vanilla (no PhazeOut override)
Armory,Cal_30-06_AP,60,24,,,,game/vanilla (no PhazeOut override),game/vanilla (no PhazeOut override)
Armory,Cal_30-06_AP_CR,15,6,,,,game/vanilla (no PhazeOut override),game/vanilla (no PhazeOut override)
Armory,Cal_30-06_Ammobox,800,333,,,,game/vanilla (no PhazeOut override),game/vanilla (no PhazeOut override)
Armory,Cal_30-06_Ammobox_AP,1200,499,,,,game/vanilla (no PhazeOut override),game/vanilla (no PhazeOut override)
Armory,Cal_30-06_Ammobox_TR,880,366,,,,game/vanilla (no PhazeOut override),game/vanilla (no PhazeOut override)
Armory,Cal_30-06_Crafted,20,8,,,,game/vanilla (no PhazeOut override),game/vanilla (no PhazeOut override)
Armory,Cal_30-06_TR,44,18,,,,game/vanilla (no PhazeOut override),game/vanilla (no PhazeOut override)
Armory,Cal_308,41,17,,,,game/vanilla (no PhazeOut override),game/vanilla (no PhazeOut override)
Armory,Cal_308_AP,41,17,,,,game/vanilla (no PhazeOut override),game/vanilla (no PhazeOut override)
Armory,Cal_308_AP_CR,15,6,,,,game/vanilla (no PhazeOut override),game/vanilla (no PhazeOut override)
Armory,Cal_308_Ammobox,1200,499,,,,game/vanilla (no PhazeOut override),game/vanilla (no PhazeOut override)
Armory,Cal_308_Ammobox_AP,2300,958,,,,game/vanilla (no PhazeOut override),game/vanilla (no PhazeOut override)
Armory,Cal_308_Ammobox_TR,1300,541,,,,game/vanilla (no PhazeOut override),game/vanilla (no PhazeOut override)
Armory,Cal_308_Crafted,20,8,,,,game/vanilla (no PhazeOut override),game/vanilla (no PhazeOut override)
Armory,Cal_308_TR,41,17,,,,game/vanilla (no PhazeOut override),game/vanilla (no PhazeOut override)
Armory,Cal_338,41,17,,,,game/vanilla (no PhazeOut override),game/vanilla (no PhazeOut override)
Armory,Cal_338_AP,41,17,,,,game/vanilla (no PhazeOut override),game/vanilla (no PhazeOut override)
Armory,Cal_338_AP_CR,15,6,,,,game/vanilla (no PhazeOut override),game/vanilla (no PhazeOut override)
Armory,Cal_338_Ammobox,1400,583,,,,game/vanilla (no PhazeOut override),game/vanilla (no PhazeOut override)
Armory,Cal_338_Ammobox_AP,2500,1041,,,,game/vanilla (no PhazeOut override),game/vanilla (no PhazeOut override)
Armory,Cal_338_Ammobox_TR,1500,625,,,,game/vanilla (no PhazeOut override),game/vanilla (no PhazeOut override)
Armory,Cal_338_Crafted,20,8,,,,game/vanilla (no PhazeOut override),game/vanilla (no PhazeOut override)
Armory,Cal_338_TR,41,17,,,,game/vanilla (no PhazeOut override),game/vanilla (no PhazeOut override)
Armory,Cal_357_Ammobox,450,187,,,,game/vanilla (no PhazeOut override),game/vanilla (no PhazeOut override)
Armory,Cal_357_Ammobox_AP,750,312,,,,game/vanilla (no PhazeOut override),game/vanilla (no PhazeOut override)
Armory,Cal_357_Ammobox_TR,510,212,,,,game/vanilla (no PhazeOut override),game/vanilla (no PhazeOut override)
Armory,Cal_357_Viper,15,6,,,,game/vanilla (no PhazeOut override),game/vanilla (no PhazeOut override)
Armory,Cal_357_Viper_AP,25,10,,,,game/vanilla (no PhazeOut override),game/vanilla (no PhazeOut override)
Armory,Cal_357_Viper_AP_CR,15,6,,,,game/vanilla (no PhazeOut override),game/vanilla (no PhazeOut override)
Armory,Cal_357_Viper_Crafted,10,4,,,,game/vanilla (no PhazeOut override),game/vanilla (no PhazeOut override)
Armory,Cal_357_Viper_TR,17,7,,,,game/vanilla (no PhazeOut override),game/vanilla (no PhazeOut override)
Armory,Cal_38,15,6,,,,game/vanilla (no PhazeOut override),game/vanilla (no PhazeOut override)
Armory,Cal_38_AP,25,10,,,,game/vanilla (no PhazeOut override),game/vanilla (no PhazeOut override)
Armory,Cal_38_AP_CR,15,6,,,,game/vanilla (no PhazeOut override),game/vanilla (no PhazeOut override)
Armory,Cal_38_Ammobox,450,187,,,,game/vanilla (no PhazeOut override),game/vanilla (no PhazeOut override)
Armory,Cal_38_Ammobox_AP,750,312,,,,game/vanilla (no PhazeOut override),game/vanilla (no PhazeOut override)
Armory,Cal_38_Ammobox_TR,510,212,,,,game/vanilla (no PhazeOut override),game/vanilla (no PhazeOut override)
Armory,Cal_38_Crafted,7,2,,,,game/vanilla (no PhazeOut override),game/vanilla (no PhazeOut override)
Armory,Cal_38_TR,17,7,,,,game/vanilla (no PhazeOut override),game/vanilla (no PhazeOut override)
Armory,Cal_40_OG-7V,1320,330,,,,game/vanilla (no PhazeOut override),game/vanilla (no PhazeOut override)
Armory,Cal_40_PG-7M,1320,330,,,,game/vanilla (no PhazeOut override),game/vanilla (no PhazeOut override)
Armory,Cal_40x46,1320,330,,,,game/vanilla (no PhazeOut override),game/vanilla (no PhazeOut override)
Armory,Cal_44_Viper,20,8,,,,game/vanilla (no PhazeOut override),game/vanilla (no PhazeOut override)
Armory,Cal_44_Viper_AP,30,12,,,,game/vanilla (no PhazeOut override),game/vanilla (no PhazeOut override)
Armory,Cal_44_Viper_AP_CR,15,6,,,,game/vanilla (no PhazeOut override),game/vanilla (no PhazeOut override)
Armory,Cal_44_Viper_Ammobox,600,249,,,,game/vanilla (no PhazeOut override),game/vanilla (no PhazeOut override)
Armory,Cal_44_Viper_Ammobox_AP,900,375,,,,game/vanilla (no PhazeOut override),game/vanilla (no PhazeOut override)
Armory,Cal_44_Viper_Ammobox_TR,660,275,,,,game/vanilla (no PhazeOut override),game/vanilla (no PhazeOut override)
Armory,Cal_44_Viper_Crafted,9,3,,,,game/vanilla (no PhazeOut override),game/vanilla (no PhazeOut override)
Armory,Cal_44_Viper_TR,22,9,,,,game/vanilla (no PhazeOut override),game/vanilla (no PhazeOut override)
Armory,Cal_45,20,8,,,,game/vanilla (no PhazeOut override),game/vanilla (no PhazeOut override)
Armory,Cal_45_AP,40,16,,,,game/vanilla (no PhazeOut override),game/vanilla (no PhazeOut override)
Armory,Cal_45_AP_Ammobox,1200,499,,,,game/vanilla (no PhazeOut override),game/vanilla (no PhazeOut override)
Armory,Cal_45_AP_CR,15,6,,,,game/vanilla (no PhazeOut override),game/vanilla (no PhazeOut override)
Armory,Cal_45_Ammobox,600,249,,,,game/vanilla (no PhazeOut override),game/vanilla (no PhazeOut override)
Armory,Cal_45_Ammobox_TR,660,275,,,,game/vanilla (no PhazeOut override),game/vanilla (no PhazeOut override)
Armory,Cal_45_Crafted,10,4,,,,game/vanilla (no PhazeOut override),game/vanilla (no PhazeOut override)
Armory,Cal_45_TR,22,9,,,,game/vanilla (no PhazeOut override),game/vanilla (no PhazeOut override)
Armory,Cal_50BMG,1270,211,,,,game/vanilla (no PhazeOut override),game/vanilla (no PhazeOut override)
Armory,Cal_50BMG_AP,1350,225,,,,game/vanilla (no PhazeOut override),game/vanilla (no PhazeOut override)
Armory,Cal_50BMG_AP_Ammobox,13500,2250,,,,game/vanilla (no PhazeOut override),game/vanilla (no PhazeOut override)
Armory,Cal_50BMG_Ammobox,12700,2116,,,,game/vanilla (no PhazeOut override),game/vanilla (no PhazeOut override)
Armory,Cal_50BMG_Ammobox_TR,13000,2166,,,,game/vanilla (no PhazeOut override),game/vanilla (no PhazeOut override)
Armory,Cal_50BMG_Crafted,50,20,,,,game/vanilla (no PhazeOut override),game/vanilla (no PhazeOut override)
Armory,Cal_50BMG_TR,1300,216,,,,game/vanilla (no PhazeOut override),game/vanilla (no PhazeOut override)
Armory,Cal_50_AE,25,10,,,,game/vanilla (no PhazeOut override),game/vanilla (no PhazeOut override)
Armory,Cal_50_AE_AP,50,20,,,,game/vanilla (no PhazeOut override),game/vanilla (no PhazeOut override)
Armory,Cal_50_AE_AP_Ammobox,1500,625,,,,game/vanilla (no PhazeOut override),game/vanilla (no PhazeOut override)
Armory,Cal_50_AE_AP_CR,15,6,,,,game/vanilla (no PhazeOut override),game/vanilla (no PhazeOut override)
Armory,Cal_50_AE_Ammobox,750,312,,,,game/vanilla (no PhazeOut override),game/vanilla (no PhazeOut override)
Armory,Cal_50_AE_Ammobox_TR,840,350,,,,game/vanilla (no PhazeOut override),game/vanilla (no PhazeOut override)
Armory,Cal_50_AE_Crafted,12,5,,,,game/vanilla (no PhazeOut override),game/vanilla (no PhazeOut override)
Armory,Cal_50_AE_TR,28,11,,,,game/vanilla (no PhazeOut override),game/vanilla (no PhazeOut override)
Armory,Cal_5_45x39mm,35,14,,,,game/vanilla (no PhazeOut override),game/vanilla (no PhazeOut override)
Armory,Cal_5_45x39mm_AP,50,20,,,,game/vanilla (no PhazeOut override),game/vanilla (no PhazeOut override)
Armory,Cal_5_45x39mm_AP_Ammobox,1500,625,,,,game/vanilla (no PhazeOut override),game/vanilla (no PhazeOut override)
Armory,Cal_5_45x39mm_AP_CR,15,6,,,,game/vanilla (no PhazeOut override),game/vanilla (no PhazeOut override)
Armory,Cal_5_45x39mm_Ammobox,1050,437,,,,game/vanilla (no PhazeOut override),game/vanilla (no PhazeOut override)
Armory,Cal_5_45x39mm_Ammobox_TR,1140,474,,,,game/vanilla (no PhazeOut override),game/vanilla (no PhazeOut override)
Armory,Cal_5_45x39mm_Crafted,17,7,,,,game/vanilla (no PhazeOut override),game/vanilla (no PhazeOut override)
Armory,Cal_5_45x39mm_TR,38,15,,,,game/vanilla (no PhazeOut override),game/vanilla (no PhazeOut override)
Armory,Cal_5_56x45mm,37,15,,,,game/vanilla (no PhazeOut override),game/vanilla (no PhazeOut override)
Armory,Cal_5_56x45mm_AP,57,23,,,,game/vanilla (no PhazeOut override),game/vanilla (no PhazeOut override)
Armory,Cal_5_56x45mm_AP_Ammobox,1710,712,,,,game/vanilla (no PhazeOut override),game/vanilla (no PhazeOut override)
Armory,Cal_5_56x45mm_AP_CR,15,6,,,,game/vanilla (no PhazeOut override),game/vanilla (no PhazeOut override)
Armory,Cal_5_56x45mm_Ammobox,1110,462,,,,game/vanilla (no PhazeOut override),game/vanilla (no PhazeOut override)
Armory,Cal_5_56x45mm_Ammobox_TR,1230,512,,,,game/vanilla (no PhazeOut override),game/vanilla (no PhazeOut override)
Armory,Cal_5_56x45mm_Crafted,18,7,,,,game/vanilla (no PhazeOut override),game/vanilla (no PhazeOut override)
Armory,Cal_5_56x45mm_TR,41,17,,,,game/vanilla (no PhazeOut override),game/vanilla (no PhazeOut override)
Armory,Cal_7_62x39mm,40,16,,,,game/vanilla (no PhazeOut override),game/vanilla (no PhazeOut override)
Armory,Cal_7_62x39mm_AP,60,24,,,,game/vanilla (no PhazeOut override),game/vanilla (no PhazeOut override)
Armory,Cal_7_62x39mm_AP_Ammobox,1800,750,,,,game/vanilla (no PhazeOut override),game/vanilla (no PhazeOut override)
Armory,Cal_7_62x39mm_AP_CR,15,6,,,,game/vanilla (no PhazeOut override),game/vanilla (no PhazeOut override)
Armory,Cal_7_62x39mm_Ammobox,1200,499,,,,game/vanilla (no PhazeOut override),game/vanilla (no PhazeOut override)
Armory,Cal_7_62x39mm_Ammobox_TR,1320,550,,,,game/vanilla (no PhazeOut override),game/vanilla (no PhazeOut override)
Armory,Cal_7_62x39mm_Crafted,20,8,,,,game/vanilla (no PhazeOut override),game/vanilla (no PhazeOut override)
Armory,Cal_7_62x39mm_TR,44,18,,,,game/vanilla (no PhazeOut override),game/vanilla (no PhazeOut override)
Armory,Cal_7_62x54mmR,100,41,,,,game/vanilla (no PhazeOut override),game/vanilla (no PhazeOut override)
Armory,Cal_7_62x54mmR_AP,200,83,,,,game/vanilla (no PhazeOut override),game/vanilla (no PhazeOut override)
Armory,Cal_7_62x54mmR_AP_Ammobox,4000,1666,,,,game/vanilla (no PhazeOut override),game/vanilla (no PhazeOut override)
Armory,Cal_7_62x54mmR_AP_CR,15,6,,,,game/vanilla (no PhazeOut override),game/vanilla (no PhazeOut override)
Armory,Cal_7_62x54mmR_Ammobox,2000,833,,,,game/vanilla (no PhazeOut override),game/vanilla (no PhazeOut override)
Armory,Cal_7_62x54mmR_Ammobox_TR,2200,916,,,,game/vanilla (no PhazeOut override),game/vanilla (no PhazeOut override)
Armory,Cal_7_62x54mmR_Crafted,50,20,,,,game/vanilla (no PhazeOut override),game/vanilla (no PhazeOut override)
Armory,Cal_7_62x54mmR_TR,110,45,,,,game/vanilla (no PhazeOut override),game/vanilla (no PhazeOut override)
Armory,Cal_7_92x57mm,50,20,,,,game/vanilla (no PhazeOut override),game/vanilla (no PhazeOut override)
Armory,Cal_7_92x57mm_AP,70,29,,,,game/vanilla (no PhazeOut override),game/vanilla (no PhazeOut override)
Armory,Cal_7_92x57mm_AP_Ammobox,2100,874,,,,game/vanilla (no PhazeOut override),game/vanilla (no PhazeOut override)
Armory,Cal_7_92x57mm_AP_CR,15,6,,,,game/vanilla (no PhazeOut override),game/vanilla (no PhazeOut override)
Armory,Cal_7_92x57mm_Ammobox,1000,416,,,,game/vanilla (no PhazeOut override),game/vanilla (no PhazeOut override)
Armory,Cal_7_92x57mm_Ammobox_TR,1100,458,,,,game/vanilla (no PhazeOut override),game/vanilla (no PhazeOut override)
Armory,Cal_7_92x57mm_Crafted,25,10,,,,game/vanilla (no PhazeOut override),game/vanilla (no PhazeOut override)
Armory,Cal_7_92x57mm_TR,55,22,,,,game/vanilla (no PhazeOut override),game/vanilla (no PhazeOut override)
Armory,Cal_9mm,15,6,,,,game/vanilla (no PhazeOut override),game/vanilla (no PhazeOut override)
Armory,Cal_9mm_AP,25,10,,,,game/vanilla (no PhazeOut override),game/vanilla (no PhazeOut override)
Armory,Cal_9mm_AP_Ammobox,750,312,,,,game/vanilla (no PhazeOut override),game/vanilla (no PhazeOut override)
Armory,Cal_9mm_AP_CR,15,6,,,,game/vanilla (no PhazeOut override),game/vanilla (no PhazeOut override)
Armory,Cal_9mm_Ammobox,450,187,,,,game/vanilla (no PhazeOut override),game/vanilla (no PhazeOut override)
Armory,Cal_9mm_Ammobox_TR,510,212,,,,game/vanilla (no PhazeOut override),game/vanilla (no PhazeOut override)
Armory,Cal_9mm_Crafted,7,2,,,,game/vanilla (no PhazeOut override),game/vanilla (no PhazeOut override)
Armory,Cal_9mm_TR,17,7,,,,game/vanilla (no PhazeOut override),game/vanilla (no PhazeOut override)
Armory,Cal_9x39mm,30,12,,,,game/vanilla (no PhazeOut override),game/vanilla (no PhazeOut override)
Armory,Cal_9x39mm_AP,45,18,,,,game/vanilla (no PhazeOut override),game/vanilla (no PhazeOut override)
Armory,Cal_9x39mm_AP_Ammobox,1350,562,,,,game/vanilla (no PhazeOut override),game/vanilla (no PhazeOut override)
Armory,Cal_9x39mm_AP_CR,15,6,,,,game/vanilla (no PhazeOut override),game/vanilla (no PhazeOut override)
Armory,Cal_9x39mm_Ammobox,900,375,,,,game/vanilla (no PhazeOut override),game/vanilla (no PhazeOut override)
Armory,Cal_9x39mm_Ammobox_TR,990,412,,,,game/vanilla (no PhazeOut override),game/vanilla (no PhazeOut override)
Armory,Cal_9x39mm_Crafted,15,6,,,,game/vanilla (no PhazeOut override),game/vanilla (no PhazeOut override)
Armory,Cal_9x39mm_TR,33,13,,,,game/vanilla (no PhazeOut override),game/vanilla (no PhazeOut override)
Armory,Camouflage_Jacket_01,1100,366,,,,game/vanilla (no PhazeOut override),game/vanilla (no PhazeOut override)
Armory,Camouflage_Jacket_02,1100,366,,,,game/vanilla (no PhazeOut override),game/vanilla (no PhazeOut override)
Armory,Camouflage_Jacket_03,1100,366,,,,game/vanilla (no PhazeOut override),game/vanilla (no PhazeOut override)
Armory,Claymore,5500,1375,,,,game/vanilla (no PhazeOut override),game/vanilla (no PhazeOut override)
Armory,CombatBoots,1200,400,,,,game/vanilla (no PhazeOut override),game/vanilla (no PhazeOut override)
Armory,Combat_Helmet_01,1440,600,,,,game/vanilla (no PhazeOut override),game/vanilla (no PhazeOut override)
Armory,Combat_Helmet_02,1440,600,,,,game/vanilla (no PhazeOut override),game/vanilla (no PhazeOut override)
Armory,Combat_Helmet_03,1440,600,,,,game/vanilla (no PhazeOut override),game/vanilla (no PhazeOut override)
Armory,Combat_Helmet_04,1440,600,,,,game/vanilla (no PhazeOut override),game/vanilla (no PhazeOut override)
Armory,Compass,3000,312,,,,game/vanilla (no PhazeOut override),game/vanilla (no PhazeOut override)
Armory,DW715_Rail,2200,458,,,,game/vanilla (no PhazeOut override),game/vanilla (no PhazeOut override)
Armory,Danny_Trejo_Boots_01,7,2,,,,game/vanilla (no PhazeOut override),game/vanilla (no PhazeOut override)
Armory,Danny_Trejo_Glove_01,7,2,,,,game/vanilla (no PhazeOut override),game/vanilla (no PhazeOut override)
Armory,Danny_Trejo_Pants,7,2,,,,game/vanilla (no PhazeOut override),game/vanilla (no PhazeOut override)
Armory,Danny_Trejo_Vest,7,2,,,,game/vanilla (no PhazeOut override),game/vanilla (no PhazeOut override)
Armory,Depleted_Uranium,15000,892,,,,game/vanilla (no PhazeOut override),game/vanilla (no PhazeOut override)
Armory,Depleted_Uranium_Container,5000,297,,,,game/vanilla (no PhazeOut override),game/vanilla (no PhazeOut override)
Armory,Dildo_Arrow,300,124,,,,game/vanilla (no PhazeOut override),game/vanilla (no PhazeOut override)
Armory,Dildo_Spear,1100,458,,,,game/vanilla (no PhazeOut override),game/vanilla (no PhazeOut override)
Armory,EMP_Grenade,1100,785,,,,game/vanilla (no PhazeOut override),game/vanilla (no PhazeOut override)
Armory,Faceroll_Smasher,5500,763,,,,game/vanilla (no PhazeOut override),game/vanilla (no PhazeOut override)
Armory,FireworksTrap,825,206,,,,game/vanilla (no PhazeOut override),game/vanilla (no PhazeOut override)
Armory,FlareCartridge,5,2,,,,game/vanilla (no PhazeOut override),game/vanilla (no PhazeOut override)
Armory,FlareTrap,825,206,,,,game/vanilla (no PhazeOut override),game/vanilla (no PhazeOut override)
Armory,Flashbang,770,192,,,,game/vanilla (no PhazeOut override),game/vanilla (no PhazeOut override)
Armory,Frag_Grenade,1100,275,,,,game/vanilla (no PhazeOut override),game/vanilla (no PhazeOut override)
Armory,Garrison_Cap_01,220,73,,,,game/vanilla (no PhazeOut override),game/vanilla (no PhazeOut override)
Armory,Garrison_Cap_02,100,50,,,,game/vanilla (no PhazeOut override),game/vanilla (no PhazeOut override)
Armory,Garrison_Cap_03,100,50,,,,game/vanilla (no PhazeOut override),game/vanilla (no PhazeOut override)
Armory,Garrison_Cap_04,100,50,,,,game/vanilla (no PhazeOut override),game/vanilla (no PhazeOut override)
Armory,Garrison_Cap_05,100,50,,,,game/vanilla (no PhazeOut override),game/vanilla (no PhazeOut override)
Armory,Gas_Mask_01,1100,366,,,,game/vanilla (no PhazeOut override),game/vanilla (no PhazeOut override)
Armory,Gas_Mask_02,1650,550,,,,game/vanilla (no PhazeOut override),game/vanilla (no PhazeOut override)
Armory,Gas_Mask_03,4400,1466,,,,game/vanilla (no PhazeOut override),game/vanilla (no PhazeOut override)
Armory,Gas_Mask_04,1650,550,,,,game/vanilla (no PhazeOut override),game/vanilla (no PhazeOut override)
Armory,Geiger_Counter_Analogue,6000,625,,,,game/vanilla (no PhazeOut override),game/vanilla (no PhazeOut override)
Armory,Ghillie_Suit_Jacket_01,3300,1100,,,,game/vanilla (no PhazeOut override),game/vanilla (no PhazeOut override)
Armory,Ghillie_Suit_Jacket_02,3300,1100,,,,game/vanilla (no PhazeOut override),game/vanilla (no PhazeOut override)
Armory,Ghillie_Suit_Jacket_03,3300,1100,,,,game/vanilla (no PhazeOut override),game/vanilla (no PhazeOut override)
Armory,Ghillie_Suit_Jacket_04,11000,3666,,,,game/vanilla (no PhazeOut override),game/vanilla (no PhazeOut override)
Armory,Ghillie_Suit_Jacket_05,3300,1100,,,,game/vanilla (no PhazeOut override),game/vanilla (no PhazeOut override)
Armory,Ghillie_Suit_Pants_01,3300,1100,,,,game/vanilla (no PhazeOut override),game/vanilla (no PhazeOut override)
Armory,Ghillie_Suit_Pants_02,3300,1100,,,,game/vanilla (no PhazeOut override),game/vanilla (no PhazeOut override)
Armory,Ghillie_Suit_Pants_03,3300,1100,,,,game/vanilla (no PhazeOut override),game/vanilla (no PhazeOut override)
Armory,Ghillie_Suit_Pants_04,11000,3666,,,,game/vanilla (no PhazeOut override),game/vanilla (no PhazeOut override)
Armory,Ghillie_Suit_Pants_05,3300,1100,,,,game/vanilla (no PhazeOut override),game/vanilla (no PhazeOut override)
Armory,Graphite,10000,416,,,,game/vanilla (no PhazeOut override),game/vanilla (no PhazeOut override)
Armory,Gun_Powder,330,24,,,,game/vanilla (no PhazeOut override),game/vanilla (no PhazeOut override)
Armory,Hazmat_Suit_Modern,11000,3666,,,,game/vanilla (no PhazeOut override),game/vanilla (no PhazeOut override)
Armory,Hazmat_Suit_Vintage,8250,2750,,,,game/vanilla (no PhazeOut override),game/vanilla (no PhazeOut override)
Armory,ImprovisedFlashlight,1100,229,,,,game/vanilla (no PhazeOut override),game/vanilla (no PhazeOut override)
Armory,ImprovisedRail_Long,880,1,,,,game/vanilla (no PhazeOut override),game/vanilla (no PhazeOut override)
Armory,ImprovisedRail_Short,880,1,,,,game/vanilla (no PhazeOut override),game/vanilla (no PhazeOut override)
Armory,ImprovisedRail_Side,880,1,,,,game/vanilla (no PhazeOut override),game/vanilla (no PhazeOut override)
Armory,Improvised_Bulletproof_Armor,480,199,,,,game/vanilla (no PhazeOut override),game/vanilla (no PhazeOut override)
Armory,Improvised_Ghillie_Jacket,110,36,,,,game/vanilla (no PhazeOut override),game/vanilla (no PhazeOut override)
Armory,Improvised_Ghillie_Pants,110,36,,,,game/vanilla (no PhazeOut override),game/vanilla (no PhazeOut override)
Armory,Improvised_Quiver_02_Event,100,50,,,,game/vanilla (no PhazeOut override),game/vanilla (no PhazeOut override)
Armory,Improvised_Stabproof,120,49,,,,game/vanilla (no PhazeOut override),game/vanilla (no PhazeOut override)
Armory,Improvised_Stone_Spear,55,0,,,,game/vanilla (no PhazeOut override),game/vanilla (no PhazeOut override)
Armory,Improvised_Wooden_Spear,27,0,,,,game/vanilla (no PhazeOut override),game/vanilla (no PhazeOut override)
Armory,K6-3_Helmet,1200,499,,,,game/vanilla (no PhazeOut override),game/vanilla (no PhazeOut override)
Armory,Kar98_Bayonet,2200,458,,,,game/vanilla (no PhazeOut override),game/vanilla (no PhazeOut override)
Armory,KeyCard,100,0,,,,game/vanilla (no PhazeOut override),game/vanilla (no PhazeOut override)
Armory,Knife_Sheath,300,100,,,,game/vanilla (no PhazeOut override),game/vanilla (no PhazeOut override)
Armory,Laser_Detonator,3300,825,,,,game/vanilla (no PhazeOut override),game/vanilla (no PhazeOut override)
Armory,Leather_Improvised_Stabproof_Vest,240,99,,,,game/vanilla (no PhazeOut override),game/vanilla (no PhazeOut override)
Armory,LuisMoncada_Boots,7,2,,,,game/vanilla (no PhazeOut override),game/vanilla (no PhazeOut override)
Armory,LuisMoncada_Jacket,7,2,,,,game/vanilla (no PhazeOut override),game/vanilla (no PhazeOut override)
Armory,LuisMoncada_Pants,7,2,,,,game/vanilla (no PhazeOut override),game/vanilla (no PhazeOut override)
Armory,M1911_Rail,1650,343,,,,game/vanilla (no PhazeOut override),game/vanilla (no PhazeOut override)
Armory,M1_Bayonet,2200,458,,,,game/vanilla (no PhazeOut override),game/vanilla (no PhazeOut override)
Armory,M1_Clip,440,91,,,,game/vanilla (no PhazeOut override),game/vanilla (no PhazeOut override)
Armory,M1_Medical_Helmet,1200,499,,,,game/vanilla (no PhazeOut override),game/vanilla (no PhazeOut override)
Armory,M1_Vietnam_Helmet,1200,499,,,,game/vanilla (no PhazeOut override),game/vanilla (no PhazeOut override)
Armory,M70_Bayonet,2200,458,,,,game/vanilla (no PhazeOut override),game/vanilla (no PhazeOut override)
Armory,MP5_Rail_Short,1650,343,,,,game/vanilla (no PhazeOut override),game/vanilla (no PhazeOut override)
Armory,MRE_Cheeseburger,400,69,,,,game/vanilla (no PhazeOut override),game/vanilla (no PhazeOut override)
Armory,MRE_Stew,400,69,,,,game/vanilla (no PhazeOut override),game/vanilla (no PhazeOut override)
Armory,MRE_TunaSalad,400,69,,,,game/vanilla (no PhazeOut override),game/vanilla (no PhazeOut override)
Armory,Magazine_AK15,660,137,,,,game/vanilla (no PhazeOut override),game/vanilla (no PhazeOut override)
Armory,Magazine_AK47,770,160,,,,game/vanilla (no PhazeOut override),game/vanilla (no PhazeOut override)
Armory,Magazine_AKS_74U,550,114,,,,game/vanilla (no PhazeOut override),game/vanilla (no PhazeOut override)
Armory,Magazine_AS_Val,550,114,,,,game/vanilla (no PhazeOut override),game/vanilla (no PhazeOut override)
Armory,Magazine_AWM,1320,275,,,,game/vanilla (no PhazeOut override),game/vanilla (no PhazeOut override)
Armory,Magazine_AWP,1320,275,,,,game/vanilla (no PhazeOut override),game/vanilla (no PhazeOut override)
Armory,Magazine_Block21,330,68,,,,game/vanilla (no PhazeOut override),game/vanilla (no PhazeOut override)
Armory,Magazine_Clip_SKS,704,146,,,,game/vanilla (no PhazeOut override),game/vanilla (no PhazeOut override)
Armory,Magazine_DEagle_357,330,68,,,,game/vanilla (no PhazeOut override),game/vanilla (no PhazeOut override)
Armory,Magazine_DEagle_50,330,68,,,,game/vanilla (no PhazeOut override),game/vanilla (no PhazeOut override)
Armory,Magazine_HS9,440,91,,,,game/vanilla (no PhazeOut override),game/vanilla (no PhazeOut override)
Armory,Magazine_Krueger,330,68,,,,game/vanilla (no PhazeOut override),game/vanilla (no PhazeOut override)
Armory,Magazine_M16,550,114,,,,game/vanilla (no PhazeOut override),game/vanilla (no PhazeOut override)
Armory,Magazine_M1911,330,68,,,,game/vanilla (no PhazeOut override),game/vanilla (no PhazeOut override)
Armory,Magazine_M249,1430,297,,,,game/vanilla (no PhazeOut override),game/vanilla (no PhazeOut override)
Armory,Magazine_M82A1,1870,389,,,,game/vanilla (no PhazeOut override),game/vanilla (no PhazeOut override)
Armory,Magazine_M9,330,68,,,,game/vanilla (no PhazeOut override),game/vanilla (no PhazeOut override)
Armory,Magazine_MAC10,550,114,,,,game/vanilla (no PhazeOut override),game/vanilla (no PhazeOut override)
Armory,Magazine_MP5,550,114,,,,game/vanilla (no PhazeOut override),game/vanilla (no PhazeOut override)
Armory,Magazine_RPK,1210,252,,,,game/vanilla (no PhazeOut override),game/vanilla (no PhazeOut override)
Armory,Magazine_SCAR_DMR,550,114,,,,game/vanilla (no PhazeOut override),game/vanilla (no PhazeOut override)
Armory,Magazine_SF19,440,91,,,,game/vanilla (no PhazeOut override),game/vanilla (no PhazeOut override)
Armory,Magazine_SVD_Dragunov,1210,252,,,,game/vanilla (no PhazeOut override),game/vanilla (no PhazeOut override)
Armory,Magazine_TommyGun,1045,217,,,,game/vanilla (no PhazeOut override),game/vanilla (no PhazeOut override)
Armory,Magazine_UMP45,550,114,,,,game/vanilla (no PhazeOut override),game/vanilla (no PhazeOut override)
Armory,Magazine_VHS2,1100,229,,,,game/vanilla (no PhazeOut override),game/vanilla (no PhazeOut override)
Armory,Marine_Cap_01,220,73,,,,game/vanilla (no PhazeOut override),game/vanilla (no PhazeOut override)
Armory,Marine_Cap_02,220,73,,,,game/vanilla (no PhazeOut override),game/vanilla (no PhazeOut override)
Armory,Marine_Cap_03,220,73,,,,game/vanilla (no PhazeOut override),game/vanilla (no PhazeOut override)
Armory,Marine_Cap_04,220,73,,,,game/vanilla (no PhazeOut override),game/vanilla (no PhazeOut override)
Armory,Marine_Cap_05,220,73,,,,game/vanilla (no PhazeOut override),game/vanilla (no PhazeOut override)
Armory,Marine_Cap_06,220,73,,,,game/vanilla (no PhazeOut override),game/vanilla (no PhazeOut override)
Armory,Marine_Cap_07,220,73,,,,game/vanilla (no PhazeOut override),game/vanilla (no PhazeOut override)
Armory,Marine_Cap_08,220,73,,,,game/vanilla (no PhazeOut override),game/vanilla (no PhazeOut override)
Armory,MilitaryBoots_JNA,1200,400,,,,game/vanilla (no PhazeOut override),game/vanilla (no PhazeOut override)
Armory,MilitaryBoots_Peace,4000,333,,,,game/vanilla (no PhazeOut override),game/vanilla (no PhazeOut override)
Armory,MilitaryPants_01,660,220,,,,game/vanilla (no PhazeOut override),game/vanilla (no PhazeOut override)
Armory,MilitaryPants_02,660,220,,,,game/vanilla (no PhazeOut override),game/vanilla (no PhazeOut override)
Armory,MilitaryPants_03,100,50,,,,game/vanilla (no PhazeOut override),game/vanilla (no PhazeOut override)
Armory,MilitaryPants_04,660,220,,,,game/vanilla (no PhazeOut override),game/vanilla (no PhazeOut override)
Armory,MilitaryPants_05,660,220,,,,game/vanilla (no PhazeOut override),game/vanilla (no PhazeOut override)
Armory,MilitaryPants_06,660,220,,,,game/vanilla (no PhazeOut override),game/vanilla (no PhazeOut override)
Armory,MilitaryPants_07,660,220,,,,game/vanilla (no PhazeOut override),game/vanilla (no PhazeOut override)
Armory,MilitaryPants_08,660,220,,,,game/vanilla (no PhazeOut override),game/vanilla (no PhazeOut override)
Armory,MilitaryPants_09,660,220,,,,game/vanilla (no PhazeOut override),game/vanilla (no PhazeOut override)
Armory,MilitaryPants_10,660,220,,,,game/vanilla (no PhazeOut override),game/vanilla (no PhazeOut override)
Armory,Military_Backpack_01_01,1200,400,,,,game/vanilla (no PhazeOut override),game/vanilla (no PhazeOut override)
Armory,Military_Backpack_01_02,1200,400,,,,game/vanilla (no PhazeOut override),game/vanilla (no PhazeOut override)
Armory,Military_Backpack_01_03,1200,400,,,,game/vanilla (no PhazeOut override),game/vanilla (no PhazeOut override)
Armory,Military_Backpack_01_04,1200,400,,,,game/vanilla (no PhazeOut override),game/vanilla (no PhazeOut override)
Armory,Military_Backpack_01_05,1200,400,,,,game/vanilla (no PhazeOut override),game/vanilla (no PhazeOut override)
Armory,Military_Backpack_01_06,1200,400,,,,game/vanilla (no PhazeOut override),game/vanilla (no PhazeOut override)
Armory,Military_Backpack_01_07,1200,400,,,,game/vanilla (no PhazeOut override),game/vanilla (no PhazeOut override)
Armory,Military_Backpack_01_08,1200,400,,,,game/vanilla (no PhazeOut override),game/vanilla (no PhazeOut override)
Armory,Military_Backpack_01_09,1200,400,,,,game/vanilla (no PhazeOut override),game/vanilla (no PhazeOut override)
Armory,Military_Backpack_02_03,1800,600,,,,game/vanilla (no PhazeOut override),game/vanilla (no PhazeOut override)
Armory,Military_Backpack_02_04,1800,600,,,,game/vanilla (no PhazeOut override),game/vanilla (no PhazeOut override)
Armory,Military_Backpack_02_05,1800,600,,,,game/vanilla (no PhazeOut override),game/vanilla (no PhazeOut override)
Armory,Military_Backpack_02_06,1800,600,,,,game/vanilla (no PhazeOut override),game/vanilla (no PhazeOut override)
Armory,Military_Backpack_02_07,1800,600,,,,game/vanilla (no PhazeOut override),game/vanilla (no PhazeOut override)
Armory,Military_Backpack_02_08,1800,600,,,,game/vanilla (no PhazeOut override),game/vanilla (no PhazeOut override)
Armory,Military_Beanie_01,110,36,,,,game/vanilla (no PhazeOut override),game/vanilla (no PhazeOut override)
Armory,Military_Beanie_02,110,36,,,,game/vanilla (no PhazeOut override),game/vanilla (no PhazeOut override)
Armory,Military_Beanie_03,110,36,,,,game/vanilla (no PhazeOut override),game/vanilla (no PhazeOut override)
Armory,Military_Beanie_04,110,36,,,,game/vanilla (no PhazeOut override),game/vanilla (no PhazeOut override)
Armory,Military_Beanie_05,110,36,,,,game/vanilla (no PhazeOut override),game/vanilla (no PhazeOut override)
Armory,Military_Beanie_06,110,36,,,,game/vanilla (no PhazeOut override),game/vanilla (no PhazeOut override)
Armory,Military_Beanie_07,110,36,,,,game/vanilla (no PhazeOut override),game/vanilla (no PhazeOut override)
Armory,Military_Beanie_08,110,36,,,,game/vanilla (no PhazeOut override),game/vanilla (no PhazeOut override)
Armory,Military_Boonie_Hat_01,220,73,,,,game/vanilla (no PhazeOut override),game/vanilla (no PhazeOut override)
Armory,Military_Boonie_Hat_02,220,73,,,,game/vanilla (no PhazeOut override),game/vanilla (no PhazeOut override)
Armory,Military_Boonie_Hat_03,220,73,,,,game/vanilla (no PhazeOut override),game/vanilla (no PhazeOut override)
Armory,Military_Boonie_Hat_04,220,73,,,,game/vanilla (no PhazeOut override),game/vanilla (no PhazeOut override)
Armory,Military_Boonie_Hat_05,220,73,,,,game/vanilla (no PhazeOut override),game/vanilla (no PhazeOut override)
Armory,Military_Boonie_Hat_06,220,73,,,,game/vanilla (no PhazeOut override),game/vanilla (no PhazeOut override)
Armory,Military_Boonie_Hat_07,220,73,,,,game/vanilla (no PhazeOut override),game/vanilla (no PhazeOut override)
Armory,Military_Boonie_Hat_08,220,73,,,,game/vanilla (no PhazeOut override),game/vanilla (no PhazeOut override)
Armory,Military_Cap_01,220,73,,,,game/vanilla (no PhazeOut override),game/vanilla (no PhazeOut override)
Armory,Military_Cap_02,220,73,,,,game/vanilla (no PhazeOut override),game/vanilla (no PhazeOut override)
Armory,Military_Cap_03,220,73,,,,game/vanilla (no PhazeOut override),game/vanilla (no PhazeOut override)
Armory,Military_Cap_04,220,73,,,,game/vanilla (no PhazeOut override),game/vanilla (no PhazeOut override)
Armory,Military_Cap_05,220,73,,,,game/vanilla (no PhazeOut override),game/vanilla (no PhazeOut override)
Armory,Military_Cap_06,220,73,,,,game/vanilla (no PhazeOut override),game/vanilla (no PhazeOut override)
Armory,Military_Cap_07,220,73,,,,game/vanilla (no PhazeOut override),game/vanilla (no PhazeOut override)
Armory,Military_Cap_08,220,73,,,,game/vanilla (no PhazeOut override),game/vanilla (no PhazeOut override)
Armory,Military_Goggles_01,440,146,,,,game/vanilla (no PhazeOut override),game/vanilla (no PhazeOut override)
Armory,Military_Helmet_01_01,960,399,,,,game/vanilla (no PhazeOut override),game/vanilla (no PhazeOut override)
Armory,Military_Helmet_01_02,960,399,,,,game/vanilla (no PhazeOut override),game/vanilla (no PhazeOut override)
Armory,Military_Helmet_01_03,960,399,,,,game/vanilla (no PhazeOut override),game/vanilla (no PhazeOut override)
Armory,Military_Helmet_01_04,960,399,,,,game/vanilla (no PhazeOut override),game/vanilla (no PhazeOut override)
Armory,Military_Helmet_01_05,960,399,,,,game/vanilla (no PhazeOut override),game/vanilla (no PhazeOut override)
Armory,Military_Helmet_01_06,960,399,,,,game/vanilla (no PhazeOut override),game/vanilla (no PhazeOut override)
Armory,Military_Helmet_01_07,960,399,,,,game/vanilla (no PhazeOut override),game/vanilla (no PhazeOut override)
Armory,Military_Helmet_01_08,960,399,,,,game/vanilla (no PhazeOut override),game/vanilla (no PhazeOut override)
Armory,Military_Helmet_01_09,960,399,,,,game/vanilla (no PhazeOut override),game/vanilla (no PhazeOut override)
Armory,Military_Mask_01,110,36,,,,game/vanilla (no PhazeOut override),game/vanilla (no PhazeOut override)
Armory,Military_Mask_02,110,36,,,,game/vanilla (no PhazeOut override),game/vanilla (no PhazeOut override)
Armory,Military_Mask_03,110,36,,,,game/vanilla (no PhazeOut override),game/vanilla (no PhazeOut override)
Armory,Military_Mask_04,110,36,,,,game/vanilla (no PhazeOut override),game/vanilla (no PhazeOut override)
Armory,Military_Mask_05,110,36,,,,game/vanilla (no PhazeOut override),game/vanilla (no PhazeOut override)
Armory,Military_Mask_06,110,36,,,,game/vanilla (no PhazeOut override),game/vanilla (no PhazeOut override)
Armory,Military_Mask_07,110,36,,,,game/vanilla (no PhazeOut override),game/vanilla (no PhazeOut override)
Armory,Military_Mask_08,110,36,,,,game/vanilla (no PhazeOut override),game/vanilla (no PhazeOut override)
Armory,Military_Shirt_01,110,36,,,,game/vanilla (no PhazeOut override),game/vanilla (no PhazeOut override)
Armory,Military_Shirt_02,110,36,,,,game/vanilla (no PhazeOut override),game/vanilla (no PhazeOut override)
Armory,Military_Shirt_03,110,36,,,,game/vanilla (no PhazeOut override),game/vanilla (no PhazeOut override)
Armory,Military_Shirt_04,110,36,,,,game/vanilla (no PhazeOut override),game/vanilla (no PhazeOut override)
Armory,Military_Shirt_05,110,36,,,,game/vanilla (no PhazeOut override),game/vanilla (no PhazeOut override)
Armory,Military_Shirt_06,110,36,,,,game/vanilla (no PhazeOut override),game/vanilla (no PhazeOut override)
Armory,Military_Shirt_07,110,36,,,,game/vanilla (no PhazeOut override),game/vanilla (no PhazeOut override)
Armory,Military_Shirt_08,110,36,,,,game/vanilla (no PhazeOut override),game/vanilla (no PhazeOut override)
Armory,Mine_01,4400,1100,,,,game/vanilla (no PhazeOut override),game/vanilla (no PhazeOut override)
Armory,Mine_02,3300,825,,,,game/vanilla (no PhazeOut override),game/vanilla (no PhazeOut override)
Armory,Mosin_Bayonet,2200,458,,,,game/vanilla (no PhazeOut override),game/vanilla (no PhazeOut override)
Armory,Night_Vision_Goggles_01,5500,1833,,,,game/vanilla (no PhazeOut override),game/vanilla (no PhazeOut override)
Armory,P17_Bayonet,2200,458,,,,game/vanilla (no PhazeOut override),game/vanilla (no PhazeOut override)
Armory,Parachute,7200,480,,,,game/vanilla (no PhazeOut override),game/vanilla (no PhazeOut override)
Armory,Parking_Sensor,660,66,,,,game/vanilla (no PhazeOut override),game/vanilla (no PhazeOut override)
Armory,Police_Backpack_01,1200,400,,,,game/vanilla (no PhazeOut override),game/vanilla (no PhazeOut override)
Armory,Police_Backpack_02,1800,600,,,,game/vanilla (no PhazeOut override),game/vanilla (no PhazeOut override)
Armory,Police_Beanie_01,110,36,,,,game/vanilla (no PhazeOut override),game/vanilla (no PhazeOut override)
Armory,Police_Bulletproof_Vest_01,1440,600,,,,game/vanilla (no PhazeOut override),game/vanilla (no PhazeOut override)
Armory,Police_Cap_01,220,73,,,,game/vanilla (no PhazeOut override),game/vanilla (no PhazeOut override)
Armory,Police_Cap_02,220,73,,,,game/vanilla (no PhazeOut override),game/vanilla (no PhazeOut override)
Armory,Police_Gloves_01,200,66,,,,game/vanilla (no PhazeOut override),game/vanilla (no PhazeOut override)
Armory,Police_Handgun_Holster,500,166,,,,game/vanilla (no PhazeOut override),game/vanilla (no PhazeOut override)
Armory,Police_Jacket_01,1320,440,,,,game/vanilla (no PhazeOut override),game/vanilla (no PhazeOut override)
Armory,Police_Mask_01,110,36,,,,game/vanilla (no PhazeOut override),game/vanilla (no PhazeOut override)
Armory,Police_Shirt_01,110,36,,,,game/vanilla (no PhazeOut override),game/vanilla (no PhazeOut override)
Armory,PracticeTrap,440,110,,,,game/vanilla (no PhazeOut override),game/vanilla (no PhazeOut override)
Armory,PromTrap,3300,825,,,,game/vanilla (no PhazeOut override),game/vanilla (no PhazeOut override)
Armory,Raymond_Cruz_Boots,7,2,,,,game/vanilla (no PhazeOut override),game/vanilla (no PhazeOut override)
Armory,Raymond_Cruz_Hat,7,2,,,,game/vanilla (no PhazeOut override),game/vanilla (no PhazeOut override)
Armory,Raymond_Cruz_Pants,7,2,,,,game/vanilla (no PhazeOut override),game/vanilla (no PhazeOut override)
Armory,Raymond_Cruz_Shirt,7,2,,,,game/vanilla (no PhazeOut override),game/vanilla (no PhazeOut override)
Armory,Respirator_01,2200,733,,,,game/vanilla (no PhazeOut override),game/vanilla (no PhazeOut override)
Armory,SKS_Bayonet,2200,458,,,,game/vanilla (no PhazeOut override),game/vanilla (no PhazeOut override)
Armory,ScopeRail_AK47,2200,458,,,,game/vanilla (no PhazeOut override),game/vanilla (no PhazeOut override)
Armory,Sensor_Detonator,3300,825,,,,game/vanilla (no PhazeOut override),game/vanilla (no PhazeOut override)
Armory,Sentry_50cal_Rifle,6000,4166,,,,game/vanilla (no PhazeOut override),game/vanilla (no PhazeOut override)
Armory,Sentry_Aiming_Kit,6000,3124,,,,game/vanilla (no PhazeOut override),game/vanilla (no PhazeOut override)
Armory,Sentry_Minigun,6000,6249,,,,game/vanilla (no PhazeOut override),game/vanilla (no PhazeOut override)
Armory,Shemagh_Scarf_01,100,33,,,,game/vanilla (no PhazeOut override),game/vanilla (no PhazeOut override)
Armory,Shemagh_Scarf_02,100,33,,,,game/vanilla (no PhazeOut override),game/vanilla (no PhazeOut override)
Armory,Shemagh_Scarf_03,100,33,,,,game/vanilla (no PhazeOut override),game/vanilla (no PhazeOut override)
Armory,Shemagh_Scarf_04,100,33,,,,game/vanilla (no PhazeOut override),game/vanilla (no PhazeOut override)
Armory,Shemagh_Scarf_05,100,33,,,,game/vanilla (no PhazeOut override),game/vanilla (no PhazeOut override)
Armory,Shemagh_Scarf_06,100,33,,,,game/vanilla (no PhazeOut override),game/vanilla (no PhazeOut override)
Armory,Shemagh_Scarf_07,100,33,,,,game/vanilla (no PhazeOut override),game/vanilla (no PhazeOut override)
Armory,Shemagh_Scarf_08,100,33,,,,game/vanilla (no PhazeOut override),game/vanilla (no PhazeOut override)
Armory,Short_Trousers_01_01,330,110,,,,game/vanilla (no PhazeOut override),game/vanilla (no PhazeOut override)
Armory,Short_Trousers_01_02,330,110,,,,game/vanilla (no PhazeOut override),game/vanilla (no PhazeOut override)
Armory,Short_Trousers_01_03,330,110,,,,game/vanilla (no PhazeOut override),game/vanilla (no PhazeOut override)
Armory,Short_Trousers_01_04,330,110,,,,game/vanilla (no PhazeOut override),game/vanilla (no PhazeOut override)
Armory,Short_Trousers_01_05,330,110,,,,game/vanilla (no PhazeOut override),game/vanilla (no PhazeOut override)
Armory,SilentAlarm,1100,275,,,,game/vanilla (no PhazeOut override),game/vanilla (no PhazeOut override)
Armory,Sledgehammer,2200,916,,,,game/vanilla (no PhazeOut override),game/vanilla (no PhazeOut override)
Armory,Sleeveless_Camo_Shirt_01,110,36,,,,game/vanilla (no PhazeOut override),game/vanilla (no PhazeOut override)
Armory,Sleeveless_Camo_Shirt_02,110,36,,,,game/vanilla (no PhazeOut override),game/vanilla (no PhazeOut override)
Armory,Sleeveless_Camo_Shirt_03,110,36,,,,game/vanilla (no PhazeOut override),game/vanilla (no PhazeOut override)
Armory,Sleeveless_Camo_Shirt_04,110,36,,,,game/vanilla (no PhazeOut override),game/vanilla (no PhazeOut override)
Armory,Sleeveless_Camo_Shirt_05,110,36,,,,game/vanilla (no PhazeOut override),game/vanilla (no PhazeOut override)
Armory,Sleeveless_Camo_Shirt_06,100,50,,,,game/vanilla (no PhazeOut override),game/vanilla (no PhazeOut override)
Armory,Sleeveless_Shirt_01,110,36,,,,game/vanilla (no PhazeOut override),game/vanilla (no PhazeOut override)
Armory,Sleeveless_Shirt_02,110,36,,,,game/vanilla (no PhazeOut override),game/vanilla (no PhazeOut override)
Armory,Slouch_Camo_Hat_01,220,73,,,,game/vanilla (no PhazeOut override),game/vanilla (no PhazeOut override)
Armory,Slouch_Camo_Hat_02,220,73,,,,game/vanilla (no PhazeOut override),game/vanilla (no PhazeOut override)
Armory,Slouch_Camo_Hat_03,220,73,,,,game/vanilla (no PhazeOut override),game/vanilla (no PhazeOut override)
Armory,Slouch_Camo_Hat_04,220,73,,,,game/vanilla (no PhazeOut override),game/vanilla (no PhazeOut override)
Armory,Slouch_Camo_Hat_05,220,73,,,,game/vanilla (no PhazeOut override),game/vanilla (no PhazeOut override)
Armory,Slouch_Camo_Hat_06,220,73,,,,game/vanilla (no PhazeOut override),game/vanilla (no PhazeOut override)
Armory,Slouch_Hat_01,220,73,,,,game/vanilla (no PhazeOut override),game/vanilla (no PhazeOut override)
Armory,Slouch_Hat_02,220,73,,,,game/vanilla (no PhazeOut override),game/vanilla (no PhazeOut override)
Armory,Smoke_Grenade,770,192,,,,game/vanilla (no PhazeOut override),game/vanilla (no PhazeOut override)
Armory,Smoke_Grenade_Green,770,192,,,,game/vanilla (no PhazeOut override),game/vanilla (no PhazeOut override)
Armory,Smoke_Grenade_Red,770,192,,,,game/vanilla (no PhazeOut override),game/vanilla (no PhazeOut override)
Armory,Smoke_Grenade_Violet,770,192,,,,game/vanilla (no PhazeOut override),game/vanilla (no PhazeOut override)
Armory,Smoke_Grenade_Yellow,770,192,,,,game/vanilla (no PhazeOut override),game/vanilla (no PhazeOut override)
Armory,Stabproof_Vest_01_01,720,300,,,,game/vanilla (no PhazeOut override),game/vanilla (no PhazeOut override)
Armory,Stabproof_Vest_01_02,720,300,,,,game/vanilla (no PhazeOut override),game/vanilla (no PhazeOut override)
Armory,Stabproof_Vest_01_03,720,300,,,,game/vanilla (no PhazeOut override),game/vanilla (no PhazeOut override)
Armory,Stabproof_Vest_01_04,720,300,,,,game/vanilla (no PhazeOut override),game/vanilla (no PhazeOut override)
Armory,Stabproof_Vest_01_05,720,300,,,,game/vanilla (no PhazeOut override),game/vanilla (no PhazeOut override)
Armory,Stabproof_Vest_01_06,720,300,,,,game/vanilla (no PhazeOut override),game/vanilla (no PhazeOut override)
Armory,Stabproof_Vest_01_07,720,300,,,,game/vanilla (no PhazeOut override),game/vanilla (no PhazeOut override)
Armory,Stabproof_Vest_01_08,720,300,,,,game/vanilla (no PhazeOut override),game/vanilla (no PhazeOut override)
Armory,Stabproof_Vest_01_09,720,300,,,,game/vanilla (no PhazeOut override),game/vanilla (no PhazeOut override)
Armory,TNT,5500,1375,,,,game/vanilla (no PhazeOut override),game/vanilla (no PhazeOut override)
Armory,Tactical_Gloves_01_01,200,66,,,,game/vanilla (no PhazeOut override),game/vanilla (no PhazeOut override)
Armory,Tactical_Gloves_01_02,200,66,,,,game/vanilla (no PhazeOut override),game/vanilla (no PhazeOut override)
Armory,Tactical_Gloves_01_03,200,66,,,,game/vanilla (no PhazeOut override),game/vanilla (no PhazeOut override)
Armory,Tactical_Gloves_01_04,200,66,,,,game/vanilla (no PhazeOut override),game/vanilla (no PhazeOut override)
Armory,Tactical_Gloves_01_05,200,66,,,,game/vanilla (no PhazeOut override),game/vanilla (no PhazeOut override)
Armory,Tactical_Gloves_01_06,200,66,,,,game/vanilla (no PhazeOut override),game/vanilla (no PhazeOut override)
Armory,Tactical_Gloves_01_07,200,66,,,,game/vanilla (no PhazeOut override),game/vanilla (no PhazeOut override)
Armory,Tactical_Gloves_01_08,200,66,,,,game/vanilla (no PhazeOut override),game/vanilla (no PhazeOut override)
Armory,Tactical_Handgun_Holster_01,500,166,,,,game/vanilla (no PhazeOut override),game/vanilla (no PhazeOut override)
Armory,Tactical_Handgun_Holster_02,500,166,,,,game/vanilla (no PhazeOut override),game/vanilla (no PhazeOut override)
Armory,Tactical_Handgun_Holster_03,500,166,,,,game/vanilla (no PhazeOut override),game/vanilla (no PhazeOut override)
Armory,Tactical_Handgun_Holster_04,500,166,,,,game/vanilla (no PhazeOut override),game/vanilla (no PhazeOut override)
Armory,Tactical_Handgun_Holster_05,500,166,,,,game/vanilla (no PhazeOut override),game/vanilla (no PhazeOut override)
Armory,Tactical_Handgun_Holster_06,500,166,,,,game/vanilla (no PhazeOut override),game/vanilla (no PhazeOut override)
Armory,Tactical_Handgun_Holster_07,500,166,,,,game/vanilla (no PhazeOut override),game/vanilla (no PhazeOut override)
Armory,Tactical_Jacket_01_01,1320,440,,,,game/vanilla (no PhazeOut override),game/vanilla (no PhazeOut override)
Armory,Tactical_Jacket_01_02,1320,440,,,,game/vanilla (no PhazeOut override),game/vanilla (no PhazeOut override)
Armory,Tactical_Jacket_01_03,1320,440,,,,game/vanilla (no PhazeOut override),game/vanilla (no PhazeOut override)
Armory,Tactical_Jacket_01_04,1320,440,,,,game/vanilla (no PhazeOut override),game/vanilla (no PhazeOut override)
Armory,Tactical_Jacket_01_05,1320,440,,,,game/vanilla (no PhazeOut override),game/vanilla (no PhazeOut override)
Armory,Tactical_Jacket_01_06,1320,440,,,,game/vanilla (no PhazeOut override),game/vanilla (no PhazeOut override)
Armory,Tactical_Jacket_01_07,1320,440,,,,game/vanilla (no PhazeOut override),game/vanilla (no PhazeOut override)
Armory,Tactical_Jacket_01_09,1320,440,,,,game/vanilla (no PhazeOut override),game/vanilla (no PhazeOut override)
Armory,Tactical_Sunglasses_01,660,220,,,,game/vanilla (no PhazeOut override),game/vanilla (no PhazeOut override)
Armory,Tactical_Sunglasses_02,660,220,,,,game/vanilla (no PhazeOut override),game/vanilla (no PhazeOut override)
Armory,Tactical_Sweater_01,440,146,,,,game/vanilla (no PhazeOut override),game/vanilla (no PhazeOut override)
Armory,Tactical_Sweater_02,440,146,,,,game/vanilla (no PhazeOut override),game/vanilla (no PhazeOut override)
Armory,Tactical_Sweater_03,440,146,,,,game/vanilla (no PhazeOut override),game/vanilla (no PhazeOut override)
Armory,Tactical_Sweater_04,440,146,,,,game/vanilla (no PhazeOut override),game/vanilla (no PhazeOut override)
Armory,Tactical_Sweater_05,440,146,,,,game/vanilla (no PhazeOut override),game/vanilla (no PhazeOut override)
Armory,Tactical_Sweater_06,440,146,,,,game/vanilla (no PhazeOut override),game/vanilla (no PhazeOut override)
Armory,Tactical_Sweater_07,440,146,,,,game/vanilla (no PhazeOut override),game/vanilla (no PhazeOut override)
Armory,Tactical_Vest_01,110,36,,,,game/vanilla (no PhazeOut override),game/vanilla (no PhazeOut override)
Armory,TearGasGrenade,1100,275,,,,game/vanilla (no PhazeOut override),game/vanilla (no PhazeOut override)
Armory,TwD_Outback_Knife_Sheath_01,300,100,,,,game/vanilla (no PhazeOut override),game/vanilla (no PhazeOut override)
Armory,WW2_German_Helmet_01,1200,499,,,,game/vanilla (no PhazeOut override),game/vanilla (no PhazeOut override)
Armory,WeaponCharm_Anchor,600,50,,,,game/vanilla (no PhazeOut override),game/vanilla (no PhazeOut override)
Armory,WeaponCharm_Axe,600,50,,,,game/vanilla (no PhazeOut override),game/vanilla (no PhazeOut override)
Armory,WeaponCharm_BCU,600,50,,,,game/vanilla (no PhazeOut override),game/vanilla (no PhazeOut override)
Armory,WeaponCharm_Bottle_Opener,600,50,,,,game/vanilla (no PhazeOut override),game/vanilla (no PhazeOut override)
Armory,WeaponCharm_Bullet,600,50,,,,game/vanilla (no PhazeOut override),game/vanilla (no PhazeOut override)
Armory,WeaponCharm_Candy_Cane,600,50,,,,game/vanilla (no PhazeOut override),game/vanilla (no PhazeOut override)
Armory,WeaponCharm_Ear,600,50,,,,game/vanilla (no PhazeOut override),game/vanilla (no PhazeOut override)
Armory,WeaponCharm_Elephant,600,50,,,,game/vanilla (no PhazeOut override),game/vanilla (no PhazeOut override)
Armory,WeaponCharm_Emoji,600,50,,,,game/vanilla (no PhazeOut override),game/vanilla (no PhazeOut override)
Armory,WeaponCharm_EvilEye,600,50,,,,game/vanilla (no PhazeOut override),game/vanilla (no PhazeOut override)
Armory,WeaponCharm_Finger,600,50,,,,game/vanilla (no PhazeOut override),game/vanilla (no PhazeOut override)
Armory,WeaponCharm_Fish_Bowl,600,50,,,,game/vanilla (no PhazeOut override),game/vanilla (no PhazeOut override)
Armory,WeaponCharm_Horseshoe,600,50,,,,game/vanilla (no PhazeOut override),game/vanilla (no PhazeOut override)
Armory,WeaponCharm_Ogre,600,50,,,,game/vanilla (no PhazeOut override),game/vanilla (no PhazeOut override)
Armory,WeaponCharm_PirateCat,600,50,,,,game/vanilla (no PhazeOut override),game/vanilla (no PhazeOut override)
Armory,WeaponCharm_Roller_Skate,600,50,,,,game/vanilla (no PhazeOut override),game/vanilla (no PhazeOut override)
Armory,WeaponCharm_Sentry,600,50,,,,game/vanilla (no PhazeOut override),game/vanilla (no PhazeOut override)
Armory,WeaponCharm_Skull,600,50,,,,game/vanilla (no PhazeOut override),game/vanilla (no PhazeOut override)
Armory,WeaponCharm_SmallBullet,600,50,,,,game/vanilla (no PhazeOut override),game/vanilla (no PhazeOut override)
Armory,WeaponCharm_Sword,600,50,,,,game/vanilla (no PhazeOut override),game/vanilla (no PhazeOut override)
Armory,WeaponCharm_TEC1,600,50,,,,game/vanilla (no PhazeOut override),game/vanilla (no PhazeOut override)
Armory,WeaponCharm_Tiger,600,50,,,,game/vanilla (no PhazeOut override),game/vanilla (no PhazeOut override)
Armory,WeaponCharm_Tooth,600,50,,,,game/vanilla (no PhazeOut override),game/vanilla (no PhazeOut override)
Armory,WeaponCharm_Yingyang,600,50,,,,game/vanilla (no PhazeOut override),game/vanilla (no PhazeOut override)
Armory,WeaponFlashHider,550,114,,,,game/vanilla (no PhazeOut override),game/vanilla (no PhazeOut override)
Armory,WeaponFlashlight_AS_Val,1100,229,,,,game/vanilla (no PhazeOut override),game/vanilla (no PhazeOut override)
Armory,WeaponFlashlight_DesertEagle,1100,229,,,,game/vanilla (no PhazeOut override),game/vanilla (no PhazeOut override)
Armory,WeaponFlashlight_M9,1100,229,,,,game/vanilla (no PhazeOut override),game/vanilla (no PhazeOut override)
Armory,WeaponGhillie_Desert,2200,458,,,,game/vanilla (no PhazeOut override),game/vanilla (no PhazeOut override)
Armory,WeaponGhillie_Winter,2200,458,,,,game/vanilla (no PhazeOut override),game/vanilla (no PhazeOut override)
Armory,WeaponGhillie_Woodland,2200,458,,,,game/vanilla (no PhazeOut override),game/vanilla (no PhazeOut override)
Armory,WeaponScope_ACOG_01,2200,458,,,,game/vanilla (no PhazeOut override),game/vanilla (no PhazeOut override)
Armory,WeaponScope_Dragunov,3300,687,,,,game/vanilla (no PhazeOut override),game/vanilla (no PhazeOut override)
Armory,WeaponScope_M82A1,5500,1145,,,,game/vanilla (no PhazeOut override),game/vanilla (no PhazeOut override)
Armory,WeaponScope_M82A1_Black,5500,1145,,,,game/vanilla (no PhazeOut override),game/vanilla (no PhazeOut override)
Armory,WeaponScope_M82A1_Desert,5500,1145,,,,game/vanilla (no PhazeOut override),game/vanilla (no PhazeOut override)
Armory,WeaponScope_M82A1_Snow,5500,1145,,,,game/vanilla (no PhazeOut override),game/vanilla (no PhazeOut override)
Armory,WeaponScope_POSP,4400,916,,,,game/vanilla (no PhazeOut override),game/vanilla (no PhazeOut override)
Armory,WeaponScope_PU,3300,687,,,,game/vanilla (no PhazeOut override),game/vanilla (no PhazeOut override)
Armory,WeaponScope_Spektral_DR,3300,687,,,,game/vanilla (no PhazeOut override),game/vanilla (no PhazeOut override)
Armory,WeaponScope_Vampyr,6600,1375,,,,game/vanilla (no PhazeOut override),game/vanilla (no PhazeOut override)
Armory,WeaponScope_ZF39,3300,687,,,,game/vanilla (no PhazeOut override),game/vanilla (no PhazeOut override)
Armory,WeaponSights_AimPRO,2200,458,,,,game/vanilla (no PhazeOut override),game/vanilla (no PhazeOut override)
Armory,WeaponSights_Deagle_RedDot,1650,343,,,,game/vanilla (no PhazeOut override),game/vanilla (no PhazeOut override)
Armory,WeaponSights_ImprovisedScope,880,183,,,,game/vanilla (no PhazeOut override),game/vanilla (no PhazeOut override)
Armory,WeaponSights_M16A4_FoldingSights,550,114,,,,game/vanilla (no PhazeOut override),game/vanilla (no PhazeOut override)
Armory,WeaponSights_M1_Experimental,660,137,,,,game/vanilla (no PhazeOut override),game/vanilla (no PhazeOut override)
Armory,WeaponSights_M1_ScopeAndSights,2200,458,,,,game/vanilla (no PhazeOut override),game/vanilla (no PhazeOut override)
Armory,WeaponSights_MRO_Red_Dot,1650,343,,,,game/vanilla (no PhazeOut override),game/vanilla (no PhazeOut override)
Armory,WeaponSights_OKP-7_Holographic,1650,343,,,,game/vanilla (no PhazeOut override),game/vanilla (no PhazeOut override)
Armory,WeaponSights_RedDot_CA401B,1650,343,,,,game/vanilla (no PhazeOut override),game/vanilla (no PhazeOut override)
Armory,WeaponSights_Sentry_RDRS,1870,389,,,,game/vanilla (no PhazeOut override),game/vanilla (no PhazeOut override)
Armory,WeaponSights_Shark,1870,389,,,,game/vanilla (no PhazeOut override),game/vanilla (no PhazeOut override)
Armory,WeaponSights_Snake,1870,389,,,,game/vanilla (no PhazeOut override),game/vanilla (no PhazeOut override)
Armory,WeaponSights_V3_Holographic,1650,343,,,,game/vanilla (no PhazeOut override),game/vanilla (no PhazeOut override)
Armory,WeaponSights_Wasp,1870,389,,,,game/vanilla (no PhazeOut override),game/vanilla (no PhazeOut override)
Armory,WeaponSights_XPS300_Holographic,1650,343,,,,game/vanilla (no PhazeOut override),game/vanilla (no PhazeOut override)
Armory,WeaponSuppressor_12_Gauge,2200,458,,,,game/vanilla (no PhazeOut override),game/vanilla (no PhazeOut override)
Armory,WeaponSuppressor_308_Black,2200,458,,,,game/vanilla (no PhazeOut override),game/vanilla (no PhazeOut override)
Armory,WeaponSuppressor_30_06,2200,458,,,,game/vanilla (no PhazeOut override),game/vanilla (no PhazeOut override)
Armory,WeaponSuppressor_338_Black,2200,458,,,,game/vanilla (no PhazeOut override),game/vanilla (no PhazeOut override)
Armory,WeaponSuppressor_338_Green,2200,458,,,,game/vanilla (no PhazeOut override),game/vanilla (no PhazeOut override)
Armory,WeaponSuppressor_338_Tan,2200,458,,,,game/vanilla (no PhazeOut override),game/vanilla (no PhazeOut override)
Armory,WeaponSuppressor_45ACP,1430,297,,,,game/vanilla (no PhazeOut override),game/vanilla (no PhazeOut override)
Armory,WeaponSuppressor_5_45x39,2200,458,,,,game/vanilla (no PhazeOut override),game/vanilla (no PhazeOut override)
Armory,WeaponSuppressor_AK15,2200,458,,,,game/vanilla (no PhazeOut override),game/vanilla (no PhazeOut override)
Armory,WeaponSuppressor_Handgun,1100,229,,,,game/vanilla (no PhazeOut override),game/vanilla (no PhazeOut override)
Armory,WeaponSuppressor_ImprovisedBottle_Grey,550,1,,,,game/vanilla (no PhazeOut override),game/vanilla (no PhazeOut override)
Armory,WeaponSuppressor_ImprovisedBottle_White,550,1,,,,game/vanilla (no PhazeOut override),game/vanilla (no PhazeOut override)
Armory,WeaponSuppressor_ImprovisedCan_Grey,550,1,,,,game/vanilla (no PhazeOut override),game/vanilla (no PhazeOut override)
Armory,WeaponSuppressor_ImprovisedCan_Red,550,1,,,,game/vanilla (no PhazeOut override),game/vanilla (no PhazeOut override)
Armory,WeaponSuppressor_ImprovisedOilCan_01,550,1,,,,game/vanilla (no PhazeOut override),game/vanilla (no PhazeOut override)
Armory,WeaponSuppressor_Kar98k,2200,458,,,,game/vanilla (no PhazeOut override),game/vanilla (no PhazeOut override)
Armory,WeaponSuppressor_M1,2200,458,,,,game/vanilla (no PhazeOut override),game/vanilla (no PhazeOut override)
Armory,WeaponSuppressor_M1891,2200,458,,,,game/vanilla (no PhazeOut override),game/vanilla (no PhazeOut override)
Armory,WeaponSuppressor_M82A1,5500,1145,,,,game/vanilla (no PhazeOut override),game/vanilla (no PhazeOut override)
Armory,WeaponSuppressor_M82A1_Black,5500,1145,,,,game/vanilla (no PhazeOut override),game/vanilla (no PhazeOut override)
Armory,WeaponSuppressor_M82A1_Desert,5500,1145,,,,game/vanilla (no PhazeOut override),game/vanilla (no PhazeOut override)
Armory,WeaponSuppressor_M82A1_Snow,5500,1145,,,,game/vanilla (no PhazeOut override),game/vanilla (no PhazeOut override)
Armory,WeaponSuppressor_MAC10,1650,343,,,,game/vanilla (no PhazeOut override),game/vanilla (no PhazeOut override)
Armory,WeaponSuppressor_MK18,2200,458,,,,game/vanilla (no PhazeOut override),game/vanilla (no PhazeOut override)
Armory,WeaponSuppressor_MP5,1650,343,,,,game/vanilla (no PhazeOut override),game/vanilla (no PhazeOut override)
Armory,WeaponSuppressor_SVD,3850,802,,,,game/vanilla (no PhazeOut override),game/vanilla (no PhazeOut override)
Armory,Weapon_590A11,6400,1333,,,,game/vanilla (no PhazeOut override),game/vanilla (no PhazeOut override)
Armory,Weapon_98k_Karabiner,11200,2333,,,,game/vanilla (no PhazeOut override),game/vanilla (no PhazeOut override)
Armory,Weapon_AK15,12800,2666,,,,game/vanilla (no PhazeOut override),game/vanilla (no PhazeOut override)
Armory,Weapon_AK47,11200,2333,,,,game/vanilla (no PhazeOut override),game/vanilla (no PhazeOut override)
Armory,Weapon_AK47_Engraved,19200,3999,,,,game/vanilla (no PhazeOut override),game/vanilla (no PhazeOut override)
Armory,Weapon_AKM,11200,2333,,,,game/vanilla (no PhazeOut override),game/vanilla (no PhazeOut override)
Armory,Weapon_AKS_74U,8800,1833,,,,game/vanilla (no PhazeOut override),game/vanilla (no PhazeOut override)
Armory,Weapon_AS_Val,7200,1500,,,,game/vanilla (no PhazeOut override),game/vanilla (no PhazeOut override)
Armory,Weapon_AT4_HEAT,14400,3000,,,,game/vanilla (no PhazeOut override),game/vanilla (no PhazeOut override)
Armory,Weapon_AWM,16000,3333,,,,game/vanilla (no PhazeOut override),game/vanilla (no PhazeOut override)
Armory,Weapon_AWM_Desert,16000,3333,,,,game/vanilla (no PhazeOut override),game/vanilla (no PhazeOut override)
Armory,Weapon_AWM_Green,16000,3333,,,,game/vanilla (no PhazeOut override),game/vanilla (no PhazeOut override)
Armory,Weapon_AWM_Snake,16000,3333,,,,game/vanilla (no PhazeOut override),game/vanilla (no PhazeOut override)
Armory,Weapon_AWP,16000,3333,,,,game/vanilla (no PhazeOut override),game/vanilla (no PhazeOut override)
Armory,Weapon_AWP_Desert,16000,3333,,,,game/vanilla (no PhazeOut override),game/vanilla (no PhazeOut override)
Armory,Weapon_AWP_Green,16000,3333,,,,game/vanilla (no PhazeOut override),game/vanilla (no PhazeOut override)
Armory,Weapon_AWP_Snake,16000,3333,,,,game/vanilla (no PhazeOut override),game/vanilla (no PhazeOut override)
Armory,Weapon_BayRifferBlock21,1600,333,,,,game/vanilla (no PhazeOut override),game/vanilla (no PhazeOut override)
Armory,Weapon_Block21,1600,333,,,,game/vanilla (no PhazeOut override),game/vanilla (no PhazeOut override)
Armory,Weapon_Cleaning_Kit,6500,1354,,,,game/vanilla (no PhazeOut override),game/vanilla (no PhazeOut override)
Armory,Weapon_DEagle_50,3200,666,,,,game/vanilla (no PhazeOut override),game/vanilla (no PhazeOut override)
Armory,Weapon_DEagle_50Gold,8000,1666,,,,game/vanilla (no PhazeOut override),game/vanilla (no PhazeOut override)
Armory,Weapon_DEagle_50_Premium,3200,666,,,,game/vanilla (no PhazeOut override),game/vanilla (no PhazeOut override)
Armory,Weapon_Deagle_357,2400,499,,,,game/vanilla (no PhazeOut override),game/vanilla (no PhazeOut override)
Armory,Weapon_FlareGun,800,166,,,,game/vanilla (no PhazeOut override),game/vanilla (no PhazeOut override)
Armory,Weapon_HS9,3200,666,,,,game/vanilla (no PhazeOut override),game/vanilla (no PhazeOut override)
Armory,Weapon_ImprovisedGrenadeLauncher,14400,150,,,,game/vanilla (no PhazeOut override),game/vanilla (no PhazeOut override)
Armory,Weapon_Improvised_Flamethrower,800,111,,,,game/vanilla (no PhazeOut override),game/vanilla (no PhazeOut override)
Armory,Weapon_Improvised_Handgun,800,74,,,,game/vanilla (no PhazeOut override),game/vanilla (no PhazeOut override)
Armory,Weapon_Improvised_Rifle,100,50,,,,game/vanilla (no PhazeOut override),game/vanilla (no PhazeOut override)
Armory,Weapon_Judge44,2400,499,,,,game/vanilla (no PhazeOut override),game/vanilla (no PhazeOut override)
Armory,Weapon_Krueger,1600,333,,,,game/vanilla (no PhazeOut override),game/vanilla (no PhazeOut override)
Armory,Weapon_M16A4,11200,2333,,,,game/vanilla (no PhazeOut override),game/vanilla (no PhazeOut override)
Armory,Weapon_M16A4_Premium,11200,2333,,,,game/vanilla (no PhazeOut override),game/vanilla (no PhazeOut override)
Armory,Weapon_M1887,4800,999,,,,game/vanilla (no PhazeOut override),game/vanilla (no PhazeOut override)
Armory,Weapon_M1887_Premium,4800,999,,,,game/vanilla (no PhazeOut override),game/vanilla (no PhazeOut override)
Armory,Weapon_M1887_Sawed_off,4800,999,,,,game/vanilla (no PhazeOut override),game/vanilla (no PhazeOut override)
Armory,Weapon_M1911,1600,333,,,,game/vanilla (no PhazeOut override),game/vanilla (no PhazeOut override)
Armory,Weapon_M1911_Engraved,2640,550,,,,game/vanilla (no PhazeOut override),game/vanilla (no PhazeOut override)
Armory,Weapon_M1911_Gold,4480,933,,,,game/vanilla (no PhazeOut override),game/vanilla (no PhazeOut override)
Armory,Weapon_M1911_JayW,4480,933,,,,game/vanilla (no PhazeOut override),game/vanilla (no PhazeOut override)
Armory,Weapon_M1_Garand,9600,1999,,,,game/vanilla (no PhazeOut override),game/vanilla (no PhazeOut override)
Armory,Weapon_M1_Garand_Premium,9600,1999,,,,game/vanilla (no PhazeOut override),game/vanilla (no PhazeOut override)
Armory,Weapon_M249,20800,4333,,,,game/vanilla (no PhazeOut override),game/vanilla (no PhazeOut override)
Armory,Weapon_M82A1,32000,6666,,,,game/vanilla (no PhazeOut override),game/vanilla (no PhazeOut override)
Armory,Weapon_M82A1_Black,40000,8333,,,,game/vanilla (no PhazeOut override),game/vanilla (no PhazeOut override)
Armory,Weapon_M82A1_Desert,35200,7333,,,,game/vanilla (no PhazeOut override),game/vanilla (no PhazeOut override)
Armory,Weapon_M82A1_Snow,35200,7333,,,,game/vanilla (no PhazeOut override),game/vanilla (no PhazeOut override)
Armory,Weapon_M9,1600,333,,,,game/vanilla (no PhazeOut override),game/vanilla (no PhazeOut override)
Armory,Weapon_M9_Silver,1600,333,,,,game/vanilla (no PhazeOut override),game/vanilla (no PhazeOut override)
Armory,Weapon_MAC10,6400,1333,,,,game/vanilla (no PhazeOut override),game/vanilla (no PhazeOut override)
Armory,Weapon_MK18,12800,2666,,,,game/vanilla (no PhazeOut override),game/vanilla (no PhazeOut override)
Armory,Weapon_MP5,6400,1333,,,,game/vanilla (no PhazeOut override),game/vanilla (no PhazeOut override)
Armory,Weapon_MP5_K,7200,1500,,,,game/vanilla (no PhazeOut override),game/vanilla (no PhazeOut override)
Armory,Weapon_MP5_SD,7200,1500,,,,game/vanilla (no PhazeOut override),game/vanilla (no PhazeOut override)
Armory,Weapon_MosinNagant,9600,1999,,,,game/vanilla (no PhazeOut override),game/vanilla (no PhazeOut override)
Armory,Weapon_Parts_590A11,1210,53,,,,game/vanilla (no PhazeOut override),game/vanilla (no PhazeOut override)
Armory,Weapon_Parts_AK15,2640,117,,,,game/vanilla (no PhazeOut override),game/vanilla (no PhazeOut override)
Armory,Weapon_Parts_AK47,2420,107,,,,game/vanilla (no PhazeOut override),game/vanilla (no PhazeOut override)
Armory,Weapon_Parts_AKM,2420,107,,,,game/vanilla (no PhazeOut override),game/vanilla (no PhazeOut override)
Armory,Weapon_Parts_AKS_74U,1540,68,,,,game/vanilla (no PhazeOut override),game/vanilla (no PhazeOut override)
Armory,Weapon_Parts_AS_Val,1210,53,,,,game/vanilla (no PhazeOut override),game/vanilla (no PhazeOut override)
Armory,Weapon_Parts_AWM,3850,171,,,,game/vanilla (no PhazeOut override),game/vanilla (no PhazeOut override)
Armory,Weapon_Parts_AWP,3850,171,,,,game/vanilla (no PhazeOut override),game/vanilla (no PhazeOut override)
Armory,Weapon_Parts_Block21,616,27,,,,game/vanilla (no PhazeOut override),game/vanilla (no PhazeOut override)
Armory,Weapon_Parts_DEagle_50,825,36,,,,game/vanilla (no PhazeOut override),game/vanilla (no PhazeOut override)
Armory,Weapon_Parts_Deagle_357,660,29,,,,game/vanilla (no PhazeOut override),game/vanilla (no PhazeOut override)
Armory,Weapon_Parts_FlareGun,550,24,,,,game/vanilla (no PhazeOut override),game/vanilla (no PhazeOut override)
Armory,Weapon_Parts_HS9,880,39,,,,game/vanilla (no PhazeOut override),game/vanilla (no PhazeOut override)
Armory,Weapon_Parts_Impro_Pistol,561,24,,,,game/vanilla (no PhazeOut override),game/vanilla (no PhazeOut override)
Armory,Weapon_Parts_Impro_rifle,594,26,,,,game/vanilla (no PhazeOut override),game/vanilla (no PhazeOut override)
Armory,Weapon_Parts_ImprovisedGrenadeLauncher,550,24,,,,game/vanilla (no PhazeOut override),game/vanilla (no PhazeOut override)
Armory,Weapon_Parts_Judge44,660,29,,,,game/vanilla (no PhazeOut override),game/vanilla (no PhazeOut override)
Armory,Weapon_Parts_Kar98k,2420,107,,,,game/vanilla (no PhazeOut override),game/vanilla (no PhazeOut override)
Armory,Weapon_Parts_Krueger,616,27,,,,game/vanilla (no PhazeOut override),game/vanilla (no PhazeOut override)
Armory,Weapon_Parts_M16A4,2420,107,,,,game/vanilla (no PhazeOut override),game/vanilla (no PhazeOut override)
Armory,Weapon_Parts_M1887,880,39,,,,game/vanilla (no PhazeOut override),game/vanilla (no PhazeOut override)
Armory,Weapon_Parts_M1911,616,27,,,,game/vanilla (no PhazeOut override),game/vanilla (no PhazeOut override)
Armory,Weapon_Parts_M1_Garand,1540,68,,,,game/vanilla (no PhazeOut override),game/vanilla (no PhazeOut override)
Armory,Weapon_Parts_M249,4070,180,,,,game/vanilla (no PhazeOut override),game/vanilla (no PhazeOut override)
Armory,Weapon_Parts_M82A1,6490,288,,,,game/vanilla (no PhazeOut override),game/vanilla (no PhazeOut override)
Armory,Weapon_Parts_M9,616,27,,,,game/vanilla (no PhazeOut override),game/vanilla (no PhazeOut override)
Armory,Weapon_Parts_MAC10,1210,53,,,,game/vanilla (no PhazeOut override),game/vanilla (no PhazeOut override)
Armory,Weapon_Parts_MK18,2640,117,,,,game/vanilla (no PhazeOut override),game/vanilla (no PhazeOut override)
Armory,Weapon_Parts_MP5,1210,53,,,,game/vanilla (no PhazeOut override),game/vanilla (no PhazeOut override)
Armory,Weapon_Parts_MosinNagant,1540,68,,,,game/vanilla (no PhazeOut override),game/vanilla (no PhazeOut override)
Armory,Weapon_Parts_Peacekeeper38,616,27,,,,game/vanilla (no PhazeOut override),game/vanilla (no PhazeOut override)
Armory,Weapon_Parts_RPG,8800,391,,,,game/vanilla (no PhazeOut override),game/vanilla (no PhazeOut override)
Armory,Weapon_Parts_RPK-74,3850,171,,,,game/vanilla (no PhazeOut override),game/vanilla (no PhazeOut override)
Armory,Weapon_Parts_SCAR_DMR,4400,195,,,,game/vanilla (no PhazeOut override),game/vanilla (no PhazeOut override)
Armory,Weapon_Parts_SCAR_L,2420,107,,,,game/vanilla (no PhazeOut override),game/vanilla (no PhazeOut override)
Armory,Weapon_Parts_SDASS,1540,68,,,,game/vanilla (no PhazeOut override),game/vanilla (no PhazeOut override)
Armory,Weapon_Parts_SF19,935,41,,,,game/vanilla (no PhazeOut override),game/vanilla (no PhazeOut override)
Armory,Weapon_Parts_SKS,1837,81,,,,game/vanilla (no PhazeOut override),game/vanilla (no PhazeOut override)
Armory,Weapon_Parts_SVD,4400,195,,,,game/vanilla (no PhazeOut override),game/vanilla (no PhazeOut override)
Armory,Weapon_Parts_Serpent357,660,29,,,,game/vanilla (no PhazeOut override),game/vanilla (no PhazeOut override)
Armory,Weapon_Parts_TommyGun,1540,68,,,,game/vanilla (no PhazeOut override),game/vanilla (no PhazeOut override)
Armory,Weapon_Parts_Trench_Gun,1540,68,,,,game/vanilla (no PhazeOut override),game/vanilla (no PhazeOut override)
Armory,Weapon_Parts_UMP,1210,53,,,,game/vanilla (no PhazeOut override),game/vanilla (no PhazeOut override)
Armory,Weapon_Parts_VHS,2640,117,,,,game/vanilla (no PhazeOut override),game/vanilla (no PhazeOut override)
Armory,Weapon_Parts_VHSBG,2750,122,,,,game/vanilla (no PhazeOut override),game/vanilla (no PhazeOut override)
Armory,Weapon_Parts_VSS_VZ,2640,117,,,,game/vanilla (no PhazeOut override),game/vanilla (no PhazeOut override)
Armory,Weapon_Parts_Viper_M357,660,29,,,,game/vanilla (no PhazeOut override),game/vanilla (no PhazeOut override)
Armory,Weapon_PeaceKeeper38,1600,333,,,,game/vanilla (no PhazeOut override),game/vanilla (no PhazeOut override)
Armory,Weapon_RPG7,14400,3000,,,,game/vanilla (no PhazeOut override),game/vanilla (no PhazeOut override)
Armory,Weapon_RPK-74,19200,3999,,,,game/vanilla (no PhazeOut override),game/vanilla (no PhazeOut override)
Armory,Weapon_SCAR_DMR,17600,3666,,,,game/vanilla (no PhazeOut override),game/vanilla (no PhazeOut override)
Armory,Weapon_SCAR_L,11200,2333,,,,game/vanilla (no PhazeOut override),game/vanilla (no PhazeOut override)
Armory,Weapon_SDASS,8000,1666,,,,game/vanilla (no PhazeOut override),game/vanilla (no PhazeOut override)
Armory,Weapon_SF19,4000,833,,,,game/vanilla (no PhazeOut override),game/vanilla (no PhazeOut override)
Armory,Weapon_SKS,11360,2366,,,,game/vanilla (no PhazeOut override),game/vanilla (no PhazeOut override)
Armory,Weapon_SVD_Dragunov,24000,5000,,,,game/vanilla (no PhazeOut override),game/vanilla (no PhazeOut override)
Armory,Weapon_SVD_Dragunov_Premium,24000,5000,,,,game/vanilla (no PhazeOut override),game/vanilla (no PhazeOut override)
Armory,Weapon_Serpent357,2400,499,,,,game/vanilla (no PhazeOut override),game/vanilla (no PhazeOut override)
Armory,Weapon_TommyGun,6719,1399,,,,game/vanilla (no PhazeOut override),game/vanilla (no PhazeOut override)
Armory,Weapon_Trench_Gun,8000,1666,,,,game/vanilla (no PhazeOut override),game/vanilla (no PhazeOut override)
Armory,Weapon_UMP45,6400,1333,,,,game/vanilla (no PhazeOut override),game/vanilla (no PhazeOut override)
Armory,Weapon_VHS2,14400,3000,,,,game/vanilla (no PhazeOut override),game/vanilla (no PhazeOut override)
Armory,Weapon_VHS2_Rail,14400,3000,,,,game/vanilla (no PhazeOut override),game/vanilla (no PhazeOut override)
Armory,Weapon_VHS_BG,14400,3000,,,,game/vanilla (no PhazeOut override),game/vanilla (no PhazeOut override)
Armory,Weapon_VSS_VZ,12800,2666,,,,game/vanilla (no PhazeOut override),game/vanilla (no PhazeOut override)
Armory,Weapon_Viper_M357,2400,499,,,,game/vanilla (no PhazeOut override),game/vanilla (no PhazeOut override)
Armory,Wushu_Spear_Metal,880,366,,,,game/vanilla (no PhazeOut override),game/vanilla (no PhazeOut override)
Armory,Wushu_Spear_Wooden,880,366,,,,game/vanilla (no PhazeOut override),game/vanilla (no PhazeOut override)
Armory,pOLICE_Sweater_01,440,146,,,,game/vanilla (no PhazeOut override),game/vanilla (no PhazeOut override)
Barber,BP_HaircutAndMakeupService,145,0,,,,game/vanilla (no PhazeOut override),game/vanilla (no PhazeOut override)
BoatShop,Air_Pump,500,104,,,,game/vanilla (no PhazeOut override),game/vanilla (no PhazeOut override)
BoatShop,Amur_Fillet,100,10,,,,game/vanilla (no PhazeOut override),game/vanilla (no PhazeOut override)
BoatShop,BPC_Barba,11000,2291,,,,game/vanilla (no PhazeOut override),game/vanilla (no PhazeOut override)
BoatShop,BPC_Dinghy,13200,2750,,,,game/vanilla (no PhazeOut override),game/vanilla (no PhazeOut override)
BoatShop,BPC_SUP,1650,343,,,,game/vanilla (no PhazeOut override),game/vanilla (no PhazeOut override)
BoatShop,Bass_Fillet,100,10,,,,game/vanilla (no PhazeOut override),game/vanilla (no PhazeOut override)
BoatShop,Bleak_Fillet,100,10,,,,game/vanilla (no PhazeOut override),game/vanilla (no PhazeOut override)
BoatShop,Breathing_Tube_01,110,36,,,,game/vanilla (no PhazeOut override),game/vanilla (no PhazeOut override)
BoatShop,Carp_Fillet,100,10,,,,game/vanilla (no PhazeOut override),game/vanilla (no PhazeOut override)
BoatShop,Catfish_Fillet,100,10,,,,game/vanilla (no PhazeOut override),game/vanilla (no PhazeOut override)
BoatShop,Chub_Fillet,500,52,,,,game/vanilla (no PhazeOut override),game/vanilla (no PhazeOut override)
BoatShop,Cricket,10,1,,,,game/vanilla (no PhazeOut override),game/vanilla (no PhazeOut override)
BoatShop,Dentex_Fillet,100,10,,,,game/vanilla (no PhazeOut override),game/vanilla (no PhazeOut override)
BoatShop,Dinghy_Item,15127,2750,,,,game/vanilla (no PhazeOut override),game/vanilla (no PhazeOut override)
BoatShop,Diving_Mask,220,73,,,,game/vanilla (no PhazeOut override),game/vanilla (no PhazeOut override)
BoatShop,Diving_Mask_With_Breathing_Tube,330,110,,,,game/vanilla (no PhazeOut override),game/vanilla (no PhazeOut override)
BoatShop,Earthworm,10,0,,,,game/vanilla (no PhazeOut override),game/vanilla (no PhazeOut override)
BoatShop,EuropeanBass_Fillet,100,10,,,,game/vanilla (no PhazeOut override),game/vanilla (no PhazeOut override)
BoatShop,Fish_Amur,250,26,,,,game/vanilla (no PhazeOut override),game/vanilla (no PhazeOut override)
BoatShop,Fish_Bass,100,10,,,,game/vanilla (no PhazeOut override),game/vanilla (no PhazeOut override)
BoatShop,Fish_Bleak,20,2,,,,game/vanilla (no PhazeOut override),game/vanilla (no PhazeOut override)
BoatShop,Fish_Carp,100,10,,,,game/vanilla (no PhazeOut override),game/vanilla (no PhazeOut override)
BoatShop,Fish_Carp_Trophy,250,444,,,,game/vanilla (no PhazeOut override),game/vanilla (no PhazeOut override)
BoatShop,Fish_Catfish,100,10,,,,game/vanilla (no PhazeOut override),game/vanilla (no PhazeOut override)
BoatShop,Fish_Catfish_Trophy,250,888,,,,game/vanilla (no PhazeOut override),game/vanilla (no PhazeOut override)
BoatShop,Fish_Chub,20,2,,,,game/vanilla (no PhazeOut override),game/vanilla (no PhazeOut override)
BoatShop,Fish_CrucianCarp,100,10,,,,game/vanilla (no PhazeOut override),game/vanilla (no PhazeOut override)
BoatShop,Fish_Dentex,300,31,,,,game/vanilla (no PhazeOut override),game/vanilla (no PhazeOut override)
BoatShop,Fish_Dentex_Trophy,250,499,,,,game/vanilla (no PhazeOut override),game/vanilla (no PhazeOut override)
BoatShop,Fish_Orata,200,20,,,,game/vanilla (no PhazeOut override),game/vanilla (no PhazeOut override)
BoatShop,Fish_Pike,150,15,,,,game/vanilla (no PhazeOut override),game/vanilla (no PhazeOut override)
BoatShop,Fish_Pike_Trophy,250,472,,,,game/vanilla (no PhazeOut override),game/vanilla (no PhazeOut override)
BoatShop,Fish_PrussianCarp,100,10,,,,game/vanilla (no PhazeOut override),game/vanilla (no PhazeOut override)
BoatShop,Fish_Ruffe,100,52,,,,game/vanilla (no PhazeOut override),game/vanilla (no PhazeOut override)
BoatShop,Fish_Sardine,20,2,,,,game/vanilla (no PhazeOut override),game/vanilla (no PhazeOut override)
BoatShop,Fish_Tuna,200,20,,,,game/vanilla (no PhazeOut override),game/vanilla (no PhazeOut override)
BoatShop,Fish_Tuna_Trophy,250,934,,,,game/vanilla (no PhazeOut override),game/vanilla (no PhazeOut override)
BoatShop,FishingBait_Bleak,10,2,,,,game/vanilla (no PhazeOut override),game/vanilla (no PhazeOut override)
BoatShop,FishingBait_BoiliesPrm1,5,1,,,,game/vanilla (no PhazeOut override),game/vanilla (no PhazeOut override)
BoatShop,FishingBait_Bread,5,1,,,,game/vanilla (no PhazeOut override),game/vanilla (no PhazeOut override)
BoatShop,FishingBait_Cheese,5,1,,,,game/vanilla (no PhazeOut override),game/vanilla (no PhazeOut override)
BoatShop,FishingBait_Corn,5,1,,,,game/vanilla (no PhazeOut override),game/vanilla (no PhazeOut override)
BoatShop,FishingBait_Cricket,3,0,,,,game/vanilla (no PhazeOut override),game/vanilla (no PhazeOut override)
BoatShop,FishingBait_Grasshopper,5,1,,,,game/vanilla (no PhazeOut override),game/vanilla (no PhazeOut override)
BoatShop,FishingBait_RedWorm,4,1,,,,game/vanilla (no PhazeOut override),game/vanilla (no PhazeOut override)
BoatShop,FishingBait_Sardine,3,0,,,,game/vanilla (no PhazeOut override),game/vanilla (no PhazeOut override)
BoatShop,FishingBait_Worm,3,0,,,,game/vanilla (no PhazeOut override),game/vanilla (no PhazeOut override)
BoatShop,FishingFloater,50,12,,,,game/vanilla (no PhazeOut override),game/vanilla (no PhazeOut override)
BoatShop,FishingFloater1,75,18,,,,game/vanilla (no PhazeOut override),game/vanilla (no PhazeOut override)
BoatShop,FishingFloaterPack1,500,125,,,,game/vanilla (no PhazeOut override),game/vanilla (no PhazeOut override)
BoatShop,FishingFloaterPack2,750,187,,,,game/vanilla (no PhazeOut override),game/vanilla (no PhazeOut override)
BoatShop,FishingHook1,55,13,,,,game/vanilla (no PhazeOut override),game/vanilla (no PhazeOut override)
BoatShop,FishingHook2,65,16,,,,game/vanilla (no PhazeOut override),game/vanilla (no PhazeOut override)
BoatShop,FishingHook3,75,18,,,,game/vanilla (no PhazeOut override),game/vanilla (no PhazeOut override)
BoatShop,FishingHook4,35,8,,,,game/vanilla (no PhazeOut override),game/vanilla (no PhazeOut override)
BoatShop,FishingHookPack1,300,75,,,,game/vanilla (no PhazeOut override),game/vanilla (no PhazeOut override)
BoatShop,FishingHookPack2,550,137,,,,game/vanilla (no PhazeOut override),game/vanilla (no PhazeOut override)
BoatShop,FishingHookPack3,680,170,,,,game/vanilla (no PhazeOut override),game/vanilla (no PhazeOut override)
BoatShop,FishingHookPack4,700,175,,,,game/vanilla (no PhazeOut override),game/vanilla (no PhazeOut override)
BoatShop,FishingLinePiece_1,20,5,,,,game/vanilla (no PhazeOut override),game/vanilla (no PhazeOut override)
BoatShop,FishingLinePiece_2,30,7,,,,game/vanilla (no PhazeOut override),game/vanilla (no PhazeOut override)
BoatShop,FishingLinePiece_3,40,10,,,,game/vanilla (no PhazeOut override),game/vanilla (no PhazeOut override)
BoatShop,FishingLinePiece_4,80,20,,,,game/vanilla (no PhazeOut override),game/vanilla (no PhazeOut override)
BoatShop,FishingLine_1,200,50,,,,game/vanilla (no PhazeOut override),game/vanilla (no PhazeOut override)
BoatShop,FishingLine_2,300,75,,,,game/vanilla (no PhazeOut override),game/vanilla (no PhazeOut override)
BoatShop,FishingLine_3,400,100,,,,game/vanilla (no PhazeOut override),game/vanilla (no PhazeOut override)
BoatShop,FishingLine_4,800,200,,,,game/vanilla (no PhazeOut override),game/vanilla (no PhazeOut override)
BoatShop,FishingReel,800,200,,,,game/vanilla (no PhazeOut override),game/vanilla (no PhazeOut override)
BoatShop,FishingReelPro,1200,300,,,,game/vanilla (no PhazeOut override),game/vanilla (no PhazeOut override)
BoatShop,FishingRod,2000,500,,,,game/vanilla (no PhazeOut override),game/vanilla (no PhazeOut override)
BoatShop,FishingRod_A,2000,500,,,,game/vanilla (no PhazeOut override),game/vanilla (no PhazeOut override)
BoatShop,FishingRod_B,2000,500,,,,game/vanilla (no PhazeOut override),game/vanilla (no PhazeOut override)
BoatShop,Grasshopper,100,6,,,,game/vanilla (no PhazeOut override),game/vanilla (no PhazeOut override)
BoatShop,ImprovisedFishingFloater,20,0,,,,game/vanilla (no PhazeOut override),game/vanilla (no PhazeOut override)
BoatShop,ImprovisedFishingHook,5,1,,,,game/vanilla (no PhazeOut override),game/vanilla (no PhazeOut override)
BoatShop,ImprovisedFishingReel,150,0,,,,game/vanilla (no PhazeOut override),game/vanilla (no PhazeOut override)
BoatShop,ImprovisedFishingRod,400,1,,,,game/vanilla (no PhazeOut override),game/vanilla (no PhazeOut override)
BoatShop,ImprovisedSmallPaddle,75,0,,,,game/vanilla (no PhazeOut override),game/vanilla (no PhazeOut override)
BoatShop,Improvised_FishingLine,10,0,,,,game/vanilla (no PhazeOut override),game/vanilla (no PhazeOut override)
BoatShop,Inonotus_Obliquus,50,5,,,,game/vanilla (no PhazeOut override),game/vanilla (no PhazeOut override)
BoatShop,Larve,10,0,,,,game/vanilla (no PhazeOut override),game/vanilla (no PhazeOut override)
BoatShop,Long_Paddle,500,125,,,,game/vanilla (no PhazeOut override),game/vanilla (no PhazeOut override)
BoatShop,Medium_Vehicle_StorageRack,1800,818,,,,game/vanilla (no PhazeOut override),game/vanilla (no PhazeOut override)
BoatShop,Monkfish_Fillet,100,10,,,,game/vanilla (no PhazeOut override),game/vanilla (no PhazeOut override)
BoatShop,Orata_Fillet,500,52,,,,game/vanilla (no PhazeOut override),game/vanilla (no PhazeOut override)
BoatShop,Pike_Fillet,500,52,,,,game/vanilla (no PhazeOut override),game/vanilla (no PhazeOut override)
BoatShop,PremiumBoiliesPack,45,11,,,,game/vanilla (no PhazeOut override),game/vanilla (no PhazeOut override)
BoatShop,Ruffe_Fillet,100,10,,,,game/vanilla (no PhazeOut override),game/vanilla (no PhazeOut override)
BoatShop,Sardine_Fillet,500,52,,,,game/vanilla (no PhazeOut override),game/vanilla (no PhazeOut override)
BoatShop,Scorpionfish_Fillet,100,10,,,,game/vanilla (no PhazeOut override),game/vanilla (no PhazeOut override)
BoatShop,ServiceBP_Repair_BPC_Dinghy,11000,2291,,,,game/vanilla (no PhazeOut override),game/vanilla (no PhazeOut override)
BoatShop,Short_Paddle_A,1000,208,,,,game/vanilla (no PhazeOut override),game/vanilla (no PhazeOut override)
BoatShop,Short_Paddle_B,1000,208,,,,game/vanilla (no PhazeOut override),game/vanilla (no PhazeOut override)
BoatShop,Small_Vehicle_StorageRack,1500,681,,,,game/vanilla (no PhazeOut override),game/vanilla (no PhazeOut override)
BoatShop,Tuna_Fillet,100,10,,,,game/vanilla (no PhazeOut override),game/vanilla (no PhazeOut override)
Hospital,ActivatedCharcoal_01,2400,499,,,,game/vanilla (no PhazeOut override),game/vanilla (no PhazeOut override)
Hospital,ActivatedCharcoal_02,4200,874,,,,game/vanilla (no PhazeOut override),game/vanilla (no PhazeOut override)
Hospital,ActivatedCharcoal_03,6000,1250,,,,game/vanilla (no PhazeOut override),game/vanilla (no PhazeOut override)
Hospital,Adrenaline_Shot,1200,249,,,,game/vanilla (no PhazeOut override),game/vanilla (no PhazeOut override)
Hospital,Antibiotic_Pill_Single,200,41,,,,game/vanilla (no PhazeOut override),game/vanilla (no PhazeOut override)
Hospital,Antibiotics_01,2400,499,,,,game/vanilla (no PhazeOut override),game/vanilla (no PhazeOut override)
Hospital,Antibiotics_02,4200,874,,,,game/vanilla (no PhazeOut override),game/vanilla (no PhazeOut override)
Hospital,Antibiotics_03,6000,1250,,,,game/vanilla (no PhazeOut override),game/vanilla (no PhazeOut override)
Hospital,AntiburnGel,1000,250,,,,game/vanilla (no PhazeOut override),game/vanilla (no PhazeOut override)
Hospital,AntiburnGel_Improvised,1000,8,,,,game/vanilla (no PhazeOut override),game/vanilla (no PhazeOut override)
Hospital,Antiparasitics_01,300,62,,,,game/vanilla (no PhazeOut override),game/vanilla (no PhazeOut override)
Hospital,Antiparasitics_02,600,124,,,,game/vanilla (no PhazeOut override),game/vanilla (no PhazeOut override)
Hospital,Antiparasitics_03,900,187,,,,game/vanilla (no PhazeOut override),game/vanilla (no PhazeOut override)
Hospital,Apple,40,4,,,,game/vanilla (no PhazeOut override),game/vanilla (no PhazeOut override)
Hospital,Apple_2,40,4,,,,game/vanilla (no PhazeOut override),game/vanilla (no PhazeOut override)
Hospital,Aspirin,800,166,,,,game/vanilla (no PhazeOut override),game/vanilla (no PhazeOut override)
Hospital,AtropineInjection,1200,249,,,,game/vanilla (no PhazeOut override),game/vanilla (no PhazeOut override)
Hospital,BP_BCUUpgradeService,100,50,,,,game/vanilla (no PhazeOut override),game/vanilla (no PhazeOut override)
Hospital,BP_PlasticSurgeryService,50000,10416,,,,game/vanilla (no PhazeOut override),game/vanilla (no PhazeOut override)
Hospital,Bundle_Of_Rags,110,2,,,,game/vanilla (no PhazeOut override),game/vanilla (no PhazeOut override)
Hospital,Bundle_Rag_Stripes,55,1,,,,game/vanilla (no PhazeOut override),game/vanilla (no PhazeOut override)
Hospital,Cigarettes,200,83,,,,game/vanilla (no PhazeOut override),game/vanilla (no PhazeOut override)
Hospital,Crutch,1100,458,,,,game/vanilla (no PhazeOut override),game/vanilla (no PhazeOut override)
Hospital,Disposable_Mask,27,9,,,,game/vanilla (no PhazeOut override),game/vanilla (no PhazeOut override)
Hospital,Emergency_bandage,500,104,,,,game/vanilla (no PhazeOut override),game/vanilla (no PhazeOut override)
Hospital,Emergency_bandage_Big,2000,416,,,,game/vanilla (no PhazeOut override),game/vanilla (no PhazeOut override)
Hospital,Head_Bags_01,55,18,,,,game/vanilla (no PhazeOut override),game/vanilla (no PhazeOut override)
Hospital,Hemostatic_Dressing,1000,208,,,,game/vanilla (no PhazeOut override),game/vanilla (no PhazeOut override)
Hospital,Hospital_Pants,55,18,,,,game/vanilla (no PhazeOut override),game/vanilla (no PhazeOut override)
Hospital,Hospital_Shirt_01,110,36,,,,game/vanilla (no PhazeOut override),game/vanilla (no PhazeOut override)
Hospital,Isopropyl_alcohol,1000,250,,,,game/vanilla (no PhazeOut override),game/vanilla (no PhazeOut override)
Hospital,Medical_Glove_01,700,77,,,,game/vanilla (no PhazeOut override),game/vanilla (no PhazeOut override)
Hospital,PainKillers_03,4800,999,,,,game/vanilla (no PhazeOut override),game/vanilla (no PhazeOut override)
Hospital,Painkillers_01,2400,499,,,,game/vanilla (no PhazeOut override),game/vanilla (no PhazeOut override)
Hospital,Painkillers_02,3600,750,,,,game/vanilla (no PhazeOut override),game/vanilla (no PhazeOut override)
Hospital,Penicillin01,2500,520,,,,game/vanilla (no PhazeOut override),game/vanilla (no PhazeOut override)
Hospital,PotassiumIodide_Pills_01,100,50,,,,game/vanilla (no PhazeOut override),game/vanilla (no PhazeOut override)
Hospital,PotassiumIodide_Pills_02,100,50,,,,game/vanilla (no PhazeOut override),game/vanilla (no PhazeOut override)
Hospital,PotassiumIodide_Pills_03,100,50,,,,game/vanilla (no PhazeOut override),game/vanilla (no PhazeOut override)
Hospital,Pressure_Dressing,1000,208,,,,game/vanilla (no PhazeOut override),game/vanilla (no PhazeOut override)
Hospital,Rag_Stripes,2,0,,,,game/vanilla (no PhazeOut override),game/vanilla (no PhazeOut override)
Hospital,Rags,30,0,,,,game/vanilla (no PhazeOut override),game/vanilla (no PhazeOut override)
Hospital,Syringe,100,50,,,,game/vanilla (no PhazeOut override),game/vanilla (no PhazeOut override)
Hospital,Tourniquet,2000,416,,,,game/vanilla (no PhazeOut override),game/vanilla (no PhazeOut override)
Hospital,Vitamins_01,500,104,,,,game/vanilla (no PhazeOut override),game/vanilla (no PhazeOut override)
Hospital,Vitamins_02,750,156,,,,game/vanilla (no PhazeOut override),game/vanilla (no PhazeOut override)
Hospital,Vitamins_03,1000,208,,,,game/vanilla (no PhazeOut override),game/vanilla (no PhazeOut override)
Hunter,12_Gauge_BirdShot,10,4,,,,game/vanilla (no PhazeOut override),game/vanilla (no PhazeOut override)
Hunter,12_Gauge_BirdShot_Ammobox,200,83,,,,game/vanilla (no PhazeOut override),game/vanilla (no PhazeOut override)
Hunter,12_Gauge_Buckshot,25,10,,,,game/vanilla (no PhazeOut override),game/vanilla (no PhazeOut override)
Hunter,12_Gauge_Buckshot_Ammobox,500,208,,,,game/vanilla (no PhazeOut override),game/vanilla (no PhazeOut override)
Hunter,12_Gauge_Buckshot_Crafted,6,2,,,,game/vanilla (no PhazeOut override),game/vanilla (no PhazeOut override)
Hunter,12_Gauge_Slug,30,12,,,,game/vanilla (no PhazeOut override),game/vanilla (no PhazeOut override)
Hunter,12_Gauge_Slug_Ammobox,600,249,,,,game/vanilla (no PhazeOut override),game/vanilla (no PhazeOut override)
Hunter,1H_Apex_Knife,1430,595,,,,game/vanilla (no PhazeOut override),game/vanilla (no PhazeOut override)
Hunter,1H_Bushman,1430,595,,,,game/vanilla (no PhazeOut override),game/vanilla (no PhazeOut override)
Hunter,1H_Hunter,440,183,,,,game/vanilla (no PhazeOut override),game/vanilla (no PhazeOut override)
Hunter,1H_Hunters_Skinning_Knife_01,1430,595,,,,game/vanilla (no PhazeOut override),game/vanilla (no PhazeOut override)
Hunter,1H_SkinningKnife,1430,595,,,,game/vanilla (no PhazeOut override),game/vanilla (no PhazeOut override)
Hunter,1H_Skinning_Knife_02,1430,595,,,,game/vanilla (no PhazeOut override),game/vanilla (no PhazeOut override)
Hunter,1H_Small_Axe,1100,458,,,,game/vanilla (no PhazeOut override),game/vanilla (no PhazeOut override)
Hunter,1H_Stone_Axe,82,0,,,,game/vanilla (no PhazeOut override),game/vanilla (no PhazeOut override)
Hunter,1H_Stone_Axe_Head,11,0,,,,game/vanilla (no PhazeOut override),game/vanilla (no PhazeOut override)
Hunter,1H_Traynors_Axe,1650,687,,,,game/vanilla (no PhazeOut override),game/vanilla (no PhazeOut override)
Hunter,2H_Axe,1650,687,,,,game/vanilla (no PhazeOut override),game/vanilla (no PhazeOut override)
Hunter,2H_La_Hacha_Axe,7,3,,,,game/vanilla (no PhazeOut override),game/vanilla (no PhazeOut override)
Hunter,2H_Metal_Axe,550,114,,,,game/vanilla (no PhazeOut override),game/vanilla (no PhazeOut override)
Hunter,2H_Stone_Axe,440,1,,,,game/vanilla (no PhazeOut override),game/vanilla (no PhazeOut override)
Hunter,2H_Stone_Axe_Head,27,0,,,,game/vanilla (no PhazeOut override),game/vanilla (no PhazeOut override)
Hunter,Ammo_Crossbow_Bolt_Carbon,30,12,,,,game/vanilla (no PhazeOut override),game/vanilla (no PhazeOut override)
Hunter,Ammo_Crossbow_Bolt_Dildo,300,0,,,,game/vanilla (no PhazeOut override),game/vanilla (no PhazeOut override)
Hunter,Ammo_Crossbow_Bolt_Explosive,300,0,,,,game/vanilla (no PhazeOut override),game/vanilla (no PhazeOut override)
Hunter,Ammo_Crossbow_Bolt_Metal,25,10,,,,game/vanilla (no PhazeOut override),game/vanilla (no PhazeOut override)
Hunter,Ammo_Crossbow_Bolt_Wooden,10,0,,,,game/vanilla (no PhazeOut override),game/vanilla (no PhazeOut override)
Hunter,Ammo_Crossbow_Bolt_WoodenMetalTip,20,8,,,,game/vanilla (no PhazeOut override),game/vanilla (no PhazeOut override)
Hunter,Ammo_Crossbow_Bolt_WoodenStoneTip,17,0,,,,game/vanilla (no PhazeOut override),game/vanilla (no PhazeOut override)
Hunter,AnimalBaitFeederItem,2300,850,,,,game/vanilla (no PhazeOut override),game/vanilla (no PhazeOut override)
Hunter,AnimalBaitFeederItem_Ridgeline,2300,850,,,,game/vanilla (no PhazeOut override),game/vanilla (no PhazeOut override)
Hunter,Animal_Lure,100,50,,,,game/vanilla (no PhazeOut override),game/vanilla (no PhazeOut override)
Hunter,Animal_Skin_Quiver_01,1500,50,,,,game/vanilla (no PhazeOut override),game/vanilla (no PhazeOut override)
Hunter,Animal_skin,440,97,,,,game/vanilla (no PhazeOut override),game/vanilla (no PhazeOut override)
Hunter,ApexBoots_01,1000,333,,,,game/vanilla (no PhazeOut override),game/vanilla (no PhazeOut override)
Hunter,Apex_Gauntlers_01_02,150,30,,,,game/vanilla (no PhazeOut override),game/vanilla (no PhazeOut override)
Hunter,Apex_Jacket_01,820,275,,,,game/vanilla (no PhazeOut override),game/vanilla (no PhazeOut override)
Hunter,Apex_Knife_Holster,300,100,,,,game/vanilla (no PhazeOut override),game/vanilla (no PhazeOut override)
Hunter,Apex_Trousers_01,660,220,,,,game/vanilla (no PhazeOut override),game/vanilla (no PhazeOut override)
Hunter,Aromatic_Bait_Paste_Lure,100,50,,,,game/vanilla (no PhazeOut override),game/vanilla (no PhazeOut override)
Hunter,BP_WeaponCharm_BoneWhistle,600,50,,,,game/vanilla (no PhazeOut override),game/vanilla (no PhazeOut override)
Hunter,Bear_Back_Paws,220,97,,,,game/vanilla (no PhazeOut override),game/vanilla (no PhazeOut override)
Hunter,Bear_Back_Paws_Mutant,220,126,,,,game/vanilla (no PhazeOut override),game/vanilla (no PhazeOut override)
Hunter,Bear_Front_Paws,220,97,,,,game/vanilla (no PhazeOut override),game/vanilla (no PhazeOut override)
Hunter,Bear_Front_Paws_Mutant,220,126,,,,game/vanilla (no PhazeOut override),game/vanilla (no PhazeOut override)
Hunter,Bear_Head,550,244,,,,game/vanilla (no PhazeOut override),game/vanilla (no PhazeOut override)
Hunter,Bear_Head_Hat_01,550,183,,,,game/vanilla (no PhazeOut override),game/vanilla (no PhazeOut override)
Hunter,Bear_Head_Mutant,550,317,,,,game/vanilla (no PhazeOut override),game/vanilla (no PhazeOut override)
Hunter,Bear_Improvised_Jacket,220,73,,,,game/vanilla (no PhazeOut override),game/vanilla (no PhazeOut override)
Hunter,Bear_Improvised_Pants,82,27,,,,game/vanilla (no PhazeOut override),game/vanilla (no PhazeOut override)
Hunter,Bear_Left_Back_Leg,200,41,,,,game/vanilla (no PhazeOut override),game/vanilla (no PhazeOut override)
Hunter,Bear_Left_Back_Leg_Mutant,200,53,,,,game/vanilla (no PhazeOut override),game/vanilla (no PhazeOut override)
Hunter,Bear_Left_Front_Leg,200,41,,,,game/vanilla (no PhazeOut override),game/vanilla (no PhazeOut override)
Hunter,Bear_Left_Front_Leg_Mutant,200,53,,,,game/vanilla (no PhazeOut override),game/vanilla (no PhazeOut override)
Hunter,Bear_Left_Torso_Half,350,72,,,,game/vanilla (no PhazeOut override),game/vanilla (no PhazeOut override)
Hunter,Bear_Left_Torso_Half_Mutant,350,94,,,,game/vanilla (no PhazeOut override),game/vanilla (no PhazeOut override)
Hunter,Bear_Right_Back_Leg,200,41,,,,game/vanilla (no PhazeOut override),game/vanilla (no PhazeOut override)
Hunter,Bear_Right_Back_Leg_Mutant,200,53,,,,game/vanilla (no PhazeOut override),game/vanilla (no PhazeOut override)
Hunter,Bear_Right_Front_Leg,200,41,,,,game/vanilla (no PhazeOut override),game/vanilla (no PhazeOut override)
Hunter,Bear_Right_Front_Leg_Mutant,200,53,,,,game/vanilla (no PhazeOut override),game/vanilla (no PhazeOut override)
Hunter,Bear_Right_Torso_Half,350,72,,,,game/vanilla (no PhazeOut override),game/vanilla (no PhazeOut override)
Hunter,Bear_Right_Torso_Half_Mutant,350,94,,,,game/vanilla (no PhazeOut override),game/vanilla (no PhazeOut override)
Hunter,Bear_Shoe,500,166,,,,game/vanilla (no PhazeOut override),game/vanilla (no PhazeOut override)
Hunter,Bear_Skinned,2000,416,,,,game/vanilla (no PhazeOut override),game/vanilla (no PhazeOut override)
Hunter,Bear_Skinned_Mutant,2000,541,,,,game/vanilla (no PhazeOut override),game/vanilla (no PhazeOut override)
Hunter,Bear_Steak,250,16,,,,game/vanilla (no PhazeOut override),game/vanilla (no PhazeOut override)
Hunter,Bear_Torso,1500,312,,,,game/vanilla (no PhazeOut override),game/vanilla (no PhazeOut override)
Hunter,Bear_Torso_Mutant,1500,406,,,,game/vanilla (no PhazeOut override),game/vanilla (no PhazeOut override)
Hunter,Big_Animal_Fat,100,10,,,,game/vanilla (no PhazeOut override),game/vanilla (no PhazeOut override)
Hunter,Big_Animal_guts,50,5,,,,game/vanilla (no PhazeOut override),game/vanilla (no PhazeOut override)
Hunter,Binoculars,2000,104,,,,game/vanilla (no PhazeOut override),game/vanilla (no PhazeOut override)
Hunter,Boar_Back_Leg,150,31,,,,game/vanilla (no PhazeOut override),game/vanilla (no PhazeOut override)
Hunter,Boar_Back_Leg_Mutant,150,40,,,,game/vanilla (no PhazeOut override),game/vanilla (no PhazeOut override)
Hunter,Boar_Front_Leg,150,31,,,,game/vanilla (no PhazeOut override),game/vanilla (no PhazeOut override)
Hunter,Boar_Front_Leg_Mutant,150,40,,,,game/vanilla (no PhazeOut override),game/vanilla (no PhazeOut override)
Hunter,Boar_Head,550,244,,,,game/vanilla (no PhazeOut override),game/vanilla (no PhazeOut override)
Hunter,Boar_Head_Mutant,550,317,,,,game/vanilla (no PhazeOut override),game/vanilla (no PhazeOut override)
Hunter,Boar_Skinned,1500,312,,,,game/vanilla (no PhazeOut override),game/vanilla (no PhazeOut override)
Hunter,Boar_Skinned_Mutant,1500,405,,,,game/vanilla (no PhazeOut override),game/vanilla (no PhazeOut override)
Hunter,Boar_Torso,900,187,,,,game/vanilla (no PhazeOut override),game/vanilla (no PhazeOut override)
Hunter,Boar_Torso_Mutant,900,243,,,,game/vanilla (no PhazeOut override),game/vanilla (no PhazeOut override)
Hunter,Bone,11,2,,,,game/vanilla (no PhazeOut override),game/vanilla (no PhazeOut override)
Hunter,Bone_Spear,140,10,,,,game/vanilla (no PhazeOut override),game/vanilla (no PhazeOut override)
Hunter,BowSilencer,880,73,,,,game/vanilla (no PhazeOut override),game/vanilla (no PhazeOut override)
Hunter,BowSilencer_SlipOn,880,183,,,,game/vanilla (no PhazeOut override),game/vanilla (no PhazeOut override)
Hunter,Bow_ImprovisedStabilizer,550,38,,,,game/vanilla (no PhazeOut override),game/vanilla (no PhazeOut override)
Hunter,Bow_MicroStabilizer,880,183,,,,game/vanilla (no PhazeOut override),game/vanilla (no PhazeOut override)
Hunter,Buck_Antlers,110,48,,,,game/vanilla (no PhazeOut override),game/vanilla (no PhazeOut override)
Hunter,Buck_Antlers_Mutant,110,62,,,,game/vanilla (no PhazeOut override),game/vanilla (no PhazeOut override)
Hunter,Buck_Head,550,244,,,,game/vanilla (no PhazeOut override),game/vanilla (no PhazeOut override)
Hunter,Buck_Head_Mutant,550,317,,,,game/vanilla (no PhazeOut override),game/vanilla (no PhazeOut override)
Hunter,Buck_Left_Back_Leg,100,20,,,,game/vanilla (no PhazeOut override),game/vanilla (no PhazeOut override)
Hunter,Buck_Left_Back_Leg_Mutant,100,26,,,,game/vanilla (no PhazeOut override),game/vanilla (no PhazeOut override)
Hunter,Buck_Left_Front_Leg,100,20,,,,game/vanilla (no PhazeOut override),game/vanilla (no PhazeOut override)
Hunter,Buck_Left_Front_Leg_Mutant,100,26,,,,game/vanilla (no PhazeOut override),game/vanilla (no PhazeOut override)
Hunter,Buck_Right_Back_Leg,100,20,,,,game/vanilla (no PhazeOut override),game/vanilla (no PhazeOut override)
Hunter,Buck_Right_Back_Leg_Mutant,100,26,,,,game/vanilla (no PhazeOut override),game/vanilla (no PhazeOut override)
Hunter,Buck_Right_Front_Leg,100,20,,,,game/vanilla (no PhazeOut override),game/vanilla (no PhazeOut override)
Hunter,Buck_Right_Front_Leg_Mutant,100,26,,,,game/vanilla (no PhazeOut override),game/vanilla (no PhazeOut override)
Hunter,Buck_Skinned,1000,208,,,,game/vanilla (no PhazeOut override),game/vanilla (no PhazeOut override)
Hunter,Buck_Skinned_Mutant,1000,270,,,,game/vanilla (no PhazeOut override),game/vanilla (no PhazeOut override)
Hunter,Buck_Torso,600,124,,,,game/vanilla (no PhazeOut override),game/vanilla (no PhazeOut override)
Hunter,Buck_Torso_Mutant,600,161,,,,game/vanilla (no PhazeOut override),game/vanilla (no PhazeOut override)
Hunter,Cal_22,10,4,,,,game/vanilla (no PhazeOut override),game/vanilla (no PhazeOut override)
Hunter,Cal_22_Ammobox,200,83,,,,game/vanilla (no PhazeOut override),game/vanilla (no PhazeOut override)
Hunter,Cal_22_Crafted,5,2,,,,game/vanilla (no PhazeOut override),game/vanilla (no PhazeOut override)
Hunter,Cal_30-06,40,16,,,,game/vanilla (no PhazeOut override),game/vanilla (no PhazeOut override)
Hunter,Cal_30-06_AP_CR,15,6,,,,game/vanilla (no PhazeOut override),game/vanilla (no PhazeOut override)
Hunter,Cal_30-06_Ammobox,800,333,,,,game/vanilla (no PhazeOut override),game/vanilla (no PhazeOut override)
Hunter,Cal_30-06_Crafted,20,8,,,,game/vanilla (no PhazeOut override),game/vanilla (no PhazeOut override)
Hunter,Carbon_Arrow,30,12,,,,game/vanilla (no PhazeOut override),game/vanilla (no PhazeOut override)
Hunter,Carbon_BroadHead_Arrow,50,20,,,,game/vanilla (no PhazeOut override),game/vanilla (no PhazeOut override)
Hunter,ChickenDrumstick,100,10,,,,game/vanilla (no PhazeOut override),game/vanilla (no PhazeOut override)
Hunter,ChickenMeat,100,10,,,,game/vanilla (no PhazeOut override),game/vanilla (no PhazeOut override)
Hunter,Compass_Advanced,2500,260,,,,game/vanilla (no PhazeOut override),game/vanilla (no PhazeOut override)
Hunter,CompoundBowSight_3_Pin,880,183,,,,game/vanilla (no PhazeOut override),game/vanilla (no PhazeOut override)
Hunter,CompoundBowSight_5_Pin,1100,229,,,,game/vanilla (no PhazeOut override),game/vanilla (no PhazeOut override)
Hunter,Compound_Bow,1600,333,,,,game/vanilla (no PhazeOut override),game/vanilla (no PhazeOut override)
Hunter,Compound_Bow_Desert,2400,499,,,,game/vanilla (no PhazeOut override),game/vanilla (no PhazeOut override)
Hunter,Compound_Bow_Digital,2400,499,,,,game/vanilla (no PhazeOut override),game/vanilla (no PhazeOut override)
Hunter,Compound_Bow_Snow,2400,499,,,,game/vanilla (no PhazeOut override),game/vanilla (no PhazeOut override)
Hunter,Compound_Bow_US_Scorpion,2400,499,,,,game/vanilla (no PhazeOut override),game/vanilla (no PhazeOut override)
Hunter,Compound_Bow_Woodland,2400,499,,,,game/vanilla (no PhazeOut override),game/vanilla (no PhazeOut override)
Hunter,Compound_Ripper_Bow_Quest,1600,333,,,,game/vanilla (no PhazeOut override),game/vanilla (no PhazeOut override)
Hunter,Deer_Steak,150,9,,,,game/vanilla (no PhazeOut override),game/vanilla (no PhazeOut override)
Hunter,Doe_01_Steak,50,3,,,,game/vanilla (no PhazeOut override),game/vanilla (no PhazeOut override)
Hunter,Doe_Head,100,20,,,,game/vanilla (no PhazeOut override),game/vanilla (no PhazeOut override)
Hunter,Doe_Left_Back_Leg,87,18,,,,game/vanilla (no PhazeOut override),game/vanilla (no PhazeOut override)
Hunter,Doe_Left_Front_Leg,87,18,,,,game/vanilla (no PhazeOut override),game/vanilla (no PhazeOut override)
Hunter,Doe_Right_Back_Leg,87,18,,,,game/vanilla (no PhazeOut override),game/vanilla (no PhazeOut override)
Hunter,Doe_Right_Front_Leg,87,18,,,,game/vanilla (no PhazeOut override),game/vanilla (no PhazeOut override)
Hunter,Doe_Skinned,900,187,,,,game/vanilla (no PhazeOut override),game/vanilla (no PhazeOut override)
Hunter,Doe_Torso,550,114,,,,game/vanilla (no PhazeOut override),game/vanilla (no PhazeOut override)
Hunter,Donkey_Back_Leg,87,18,,,,game/vanilla (no PhazeOut override),game/vanilla (no PhazeOut override)
Hunter,Donkey_Front_Leg,87,18,,,,game/vanilla (no PhazeOut override),game/vanilla (no PhazeOut override)
Hunter,Donkey_Head,550,244,,,,game/vanilla (no PhazeOut override),game/vanilla (no PhazeOut override)
Hunter,Donkey_Skinned,900,187,,,,game/vanilla (no PhazeOut override),game/vanilla (no PhazeOut override)
Hunter,Donkey_Steak,150,9,,,,game/vanilla (no PhazeOut override),game/vanilla (no PhazeOut override)
Hunter,Donkey_Torso,550,114,,,,game/vanilla (no PhazeOut override),game/vanilla (no PhazeOut override)
Hunter,Explosive_Arrow,300,96,,,,game/vanilla (no PhazeOut override),game/vanilla (no PhazeOut override)
Hunter,Explosive_Arrow_Carbon,700,112,,,,game/vanilla (no PhazeOut override),game/vanilla (no PhazeOut override)
Hunter,Explosive_Arrow_Metal,500,115,,,,game/vanilla (no PhazeOut override),game/vanilla (no PhazeOut override)
Hunter,Feather,5,0,,,,game/vanilla (no PhazeOut override),game/vanilla (no PhazeOut override)
Hunter,Goat_Back_Limb,100,20,,,,game/vanilla (no PhazeOut override),game/vanilla (no PhazeOut override)
Hunter,Goat_Front_Limb,100,20,,,,game/vanilla (no PhazeOut override),game/vanilla (no PhazeOut override)
Hunter,Goat_Horns,110,48,,,,game/vanilla (no PhazeOut override),game/vanilla (no PhazeOut override)
Hunter,Goat_Skinned,1000,208,,,,game/vanilla (no PhazeOut override),game/vanilla (no PhazeOut override)
Hunter,Goat_Steak,150,9,,,,game/vanilla (no PhazeOut override),game/vanilla (no PhazeOut override)
Hunter,Goat_Torso,600,124,,,,game/vanilla (no PhazeOut override),game/vanilla (no PhazeOut override)
Hunter,Hen_Torso,200,41,,,,game/vanilla (no PhazeOut override),game/vanilla (no PhazeOut override)
Hunter,Horse_Back_Limb,150,31,,,,game/vanilla (no PhazeOut override),game/vanilla (no PhazeOut override)
Hunter,Horse_Front_Limb,150,31,,,,game/vanilla (no PhazeOut override),game/vanilla (no PhazeOut override)
Hunter,Horse_Head,550,244,,,,game/vanilla (no PhazeOut override),game/vanilla (no PhazeOut override)
Hunter,Horse_Skinned,1500,312,,,,game/vanilla (no PhazeOut override),game/vanilla (no PhazeOut override)
Hunter,Horse_Steak,200,13,,,,game/vanilla (no PhazeOut override),game/vanilla (no PhazeOut override)
Hunter,Horse_Torso,900,187,,,,game/vanilla (no PhazeOut override),game/vanilla (no PhazeOut override)
Hunter,Horse_Torso_Half,0,0,,,,game/vanilla (no PhazeOut override),game/vanilla (no PhazeOut override)
Hunter,Human_guts,30,3,,,,game/vanilla (no PhazeOut override),game/vanilla (no PhazeOut override)
Hunter,Hunting_Quiver_01,6600,1375,,,,game/vanilla (no PhazeOut override),game/vanilla (no PhazeOut override)
Hunter,Improvised_Bow,1600,3,,,,game/vanilla (no PhazeOut override),game/vanilla (no PhazeOut override)
Hunter,Improvised_Bow_25,1600,3,,,,game/vanilla (no PhazeOut override),game/vanilla (no PhazeOut override)
Hunter,Improvised_Bow_30,1600,3,,,,game/vanilla (no PhazeOut override),game/vanilla (no PhazeOut override)
Hunter,Improvised_Bow_35,1600,3,,,,game/vanilla (no PhazeOut override),game/vanilla (no PhazeOut override)
Hunter,Improvised_Quiver_01,440,91,,,,game/vanilla (no PhazeOut override),game/vanilla (no PhazeOut override)
Hunter,Improvised_Quiver_02_Rags,330,68,,,,game/vanilla (no PhazeOut override),game/vanilla (no PhazeOut override)
Hunter,Leather_Backpack_01,240,80,,,,game/vanilla (no PhazeOut override),game/vanilla (no PhazeOut override)
Hunter,Leather_Backpack_02,240,80,,,,game/vanilla (no PhazeOut override),game/vanilla (no PhazeOut override)
Hunter,Leather_Backpack_03,240,80,,,,game/vanilla (no PhazeOut override),game/vanilla (no PhazeOut override)
Hunter,Magazine_CarbonHunter,880,183,,,,game/vanilla (no PhazeOut override),game/vanilla (no PhazeOut override)
Hunter,Magazine_Hunter85_V2,550,114,,,,game/vanilla (no PhazeOut override),game/vanilla (no PhazeOut override)
Hunter,Manchu_Bow_50,1600,333,,,,game/vanilla (no PhazeOut override),game/vanilla (no PhazeOut override)
Hunter,Metal_Arrow,25,10,,,,game/vanilla (no PhazeOut override),game/vanilla (no PhazeOut override)
Hunter,Metal_BroadHead_Arrow,40,16,,,,game/vanilla (no PhazeOut override),game/vanilla (no PhazeOut override)
Hunter,Military_Quiver_01,6600,1375,,,,game/vanilla (no PhazeOut override),game/vanilla (no PhazeOut override)
Hunter,Military_Quiver_02,6600,1375,,,,game/vanilla (no PhazeOut override),game/vanilla (no PhazeOut override)
Hunter,Military_Quiver_03,6600,1375,,,,game/vanilla (no PhazeOut override),game/vanilla (no PhazeOut override)
Hunter,Military_Quiver_04,6600,1375,,,,game/vanilla (no PhazeOut override),game/vanilla (no PhazeOut override)
Hunter,Military_Quiver_05,6600,1375,,,,game/vanilla (no PhazeOut override),game/vanilla (no PhazeOut override)
Hunter,Military_Quiver_06,6600,1375,,,,game/vanilla (no PhazeOut override),game/vanilla (no PhazeOut override)
Hunter,Military_Quiver_07,6600,1375,,,,game/vanilla (no PhazeOut override),game/vanilla (no PhazeOut override)
Hunter,Military_Quiver_08,6600,1375,,,,game/vanilla (no PhazeOut override),game/vanilla (no PhazeOut override)
Hunter,Monocular,1700,104,,,,game/vanilla (no PhazeOut override),game/vanilla (no PhazeOut override)
Hunter,Monocular_Trail_Booster,2000,104,,,,game/vanilla (no PhazeOut override),game/vanilla (no PhazeOut override)
Hunter,Mutant_Animal_Skin,440,126,,,,game/vanilla (no PhazeOut override),game/vanilla (no PhazeOut override)
Hunter,Mutant_Bear_Steak,250,21,,,,game/vanilla (no PhazeOut override),game/vanilla (no PhazeOut override)
Hunter,Mutant_Buck_Steak,150,11,,,,game/vanilla (no PhazeOut override),game/vanilla (no PhazeOut override)
Hunter,Mutant_Pork_Steak,180,13,,,,game/vanilla (no PhazeOut override),game/vanilla (no PhazeOut override)
Hunter,Mutant_Wolf_Steak,200,13,,,,game/vanilla (no PhazeOut override),game/vanilla (no PhazeOut override)
Hunter,Penobscot_Bow_40,245,2,,,,game/vanilla (no PhazeOut override),game/vanilla (no PhazeOut override)
Hunter,Pork_Steak,180,11,,,,game/vanilla (no PhazeOut override),game/vanilla (no PhazeOut override)
Hunter,RabbitLeg,100,10,,,,game/vanilla (no PhazeOut override),game/vanilla (no PhazeOut override)
Hunter,RabbitMeat,100,10,,,,game/vanilla (no PhazeOut override),game/vanilla (no PhazeOut override)
Hunter,Rabbit_Left_Back,900,187,,,,game/vanilla (no PhazeOut override),game/vanilla (no PhazeOut override)
Hunter,Rabbit_Left_Front,50,10,,,,game/vanilla (no PhazeOut override),game/vanilla (no PhazeOut override)
Hunter,Rabbit_Right_Back,50,10,,,,game/vanilla (no PhazeOut override),game/vanilla (no PhazeOut override)
Hunter,Rabbit_Right_Front,50,10,,,,game/vanilla (no PhazeOut override),game/vanilla (no PhazeOut override)
Hunter,Rabbit_Skinned,200,41,,,,game/vanilla (no PhazeOut override),game/vanilla (no PhazeOut override)
Hunter,Recurve_Bow,1280,266,,,,game/vanilla (no PhazeOut override),game/vanilla (no PhazeOut override)
Hunter,Recurve_Bow_100,3200,666,,,,game/vanilla (no PhazeOut override),game/vanilla (no PhazeOut override)
Hunter,Recurve_Bow_50,1600,333,,,,game/vanilla (no PhazeOut override),game/vanilla (no PhazeOut override)
Hunter,Recurve_Bow_60,1920,400,,,,game/vanilla (no PhazeOut override),game/vanilla (no PhazeOut override)
Hunter,Recurve_Bow_70,2240,466,,,,game/vanilla (no PhazeOut override),game/vanilla (no PhazeOut override)
Hunter,Recurve_Bow_80,2560,533,,,,game/vanilla (no PhazeOut override),game/vanilla (no PhazeOut override)
Hunter,Recurve_Bow_90,2880,600,,,,game/vanilla (no PhazeOut override),game/vanilla (no PhazeOut override)
Hunter,Recurve_Bow_Hunter,2560,533,,,,game/vanilla (no PhazeOut override),game/vanilla (no PhazeOut override)
Hunter,Scottish_Sporran_Bag_01,300,100,,,,game/vanilla (no PhazeOut override),game/vanilla (no PhazeOut override)
Hunter,Small_Animal_Fat,20,2,,,,game/vanilla (no PhazeOut override),game/vanilla (no PhazeOut override)
Hunter,Small_Animal_guts,30,3,,,,game/vanilla (no PhazeOut override),game/vanilla (no PhazeOut override)
Hunter,Snake_Skin_Bow,100,50,,,,game/vanilla (no PhazeOut override),game/vanilla (no PhazeOut override)
Hunter,StoneTippedArrow,30,12,,,,game/vanilla (no PhazeOut override),game/vanilla (no PhazeOut override)
Hunter,Takedown_Bow,1840,383,,,,game/vanilla (no PhazeOut override),game/vanilla (no PhazeOut override)
Hunter,Ultimate_QuestReward_Boots,1000,333,,,,game/vanilla (no PhazeOut override),game/vanilla (no PhazeOut override)
Hunter,Ultimate_QuestReward_Head,1000,333,,,,game/vanilla (no PhazeOut override),game/vanilla (no PhazeOut override)
Hunter,Ultimate_QuestReward_Pants,660,220,,,,game/vanilla (no PhazeOut override),game/vanilla (no PhazeOut override)
Hunter,Ultimate_QuestReward_Upper,820,275,,,,game/vanilla (no PhazeOut override),game/vanilla (no PhazeOut override)
Hunter,Utility_Belt_01,500,166,,,,game/vanilla (no PhazeOut override),game/vanilla (no PhazeOut override)
Hunter,Utility_Belt_Hunter,500,150,,,,game/vanilla (no PhazeOut override),game/vanilla (no PhazeOut override)
Hunter,WeaponCharm_BearTrap,600,50,,,,game/vanilla (no PhazeOut override),game/vanilla (no PhazeOut override)
Hunter,WeaponCharm_Boar_Head,600,50,,,,game/vanilla (no PhazeOut override),game/vanilla (no PhazeOut override)
Hunter,WeaponCharm_Compass_Charm,600,50,,,,game/vanilla (no PhazeOut override),game/vanilla (no PhazeOut override)
Hunter,WeaponCharm_Croc,600,50,,,,game/vanilla (no PhazeOut override),game/vanilla (no PhazeOut override)
Hunter,WeaponCharm_Deer_Head,600,50,,,,game/vanilla (no PhazeOut override),game/vanilla (no PhazeOut override)
Hunter,WeaponCharm_Duck,100,50,,,,game/vanilla (no PhazeOut override),game/vanilla (no PhazeOut override)
Hunter,WeaponCharm_Serpent,600,50,,,,game/vanilla (no PhazeOut override),game/vanilla (no PhazeOut override)
Hunter,WeaponCharm_StoneArrowhead,100,50,,,,game/vanilla (no PhazeOut override),game/vanilla (no PhazeOut override)
Hunter,WeaponCharm_Whiskey,600,50,,,,game/vanilla (no PhazeOut override),game/vanilla (no PhazeOut override)
Hunter,WeaponCharm_Wolf_Head,600,50,,,,game/vanilla (no PhazeOut override),game/vanilla (no PhazeOut override)
Hunter,WeaponScope_BlackHawk,1650,343,,,,game/vanilla (no PhazeOut override),game/vanilla (no PhazeOut override)
Hunter,WeaponScope_HuntingScope,1650,343,,,,game/vanilla (no PhazeOut override),game/vanilla (no PhazeOut override)
Hunter,WeaponSuppressor_30_06,2200,458,,,,game/vanilla (no PhazeOut override),game/vanilla (no PhazeOut override)
Hunter,WeaponSuppressor_Hunter,1650,343,,,,game/vanilla (no PhazeOut override),game/vanilla (no PhazeOut override)
Hunter,Weapon_BlackHawk_Crossbow,2400,499,,,,game/vanilla (no PhazeOut override),game/vanilla (no PhazeOut override)
Hunter,Weapon_BlackHawk_Crossbow_Quest,2400,499,,,,game/vanilla (no PhazeOut override),game/vanilla (no PhazeOut override)
Hunter,Weapon_CarbonBear,8000,1666,,,,game/vanilla (no PhazeOut override),game/vanilla (no PhazeOut override)
Hunter,Weapon_CarbonHunter,8000,1666,,,,game/vanilla (no PhazeOut override),game/vanilla (no PhazeOut override)
Hunter,Weapon_DT11B,4000,833,,,,game/vanilla (no PhazeOut override),game/vanilla (no PhazeOut override)
Hunter,Weapon_DT11B_Sawed_Off,3200,666,,,,game/vanilla (no PhazeOut override),game/vanilla (no PhazeOut override)
Hunter,Weapon_Hunter85_Ivory,2400,499,,,,game/vanilla (no PhazeOut override),game/vanilla (no PhazeOut override)
Hunter,Weapon_Hunter85_V2,2400,499,,,,game/vanilla (no PhazeOut override),game/vanilla (no PhazeOut override)
Hunter,Weapon_Improvised_Crossbow,2400,6,,,,game/vanilla (no PhazeOut override),game/vanilla (no PhazeOut override)
Hunter,Weapon_Parts_Carbon_Hunter,1980,88,,,,game/vanilla (no PhazeOut override),game/vanilla (no PhazeOut override)
Hunter,Weapon_Parts_DT11b,880,39,,,,game/vanilla (no PhazeOut override),game/vanilla (no PhazeOut override)
Hunter,Weapon_Parts_Hunter85,660,29,,,,game/vanilla (no PhazeOut override),game/vanilla (no PhazeOut override)
Hunter,Wolf_Head,100,41,,,,game/vanilla (no PhazeOut override),game/vanilla (no PhazeOut override)
Hunter,Wolf_Head_Mutant,100,53,,,,game/vanilla (no PhazeOut override),game/vanilla (no PhazeOut override)
Hunter,Wolf_Left_Back_Leg,75,15,,,,game/vanilla (no PhazeOut override),game/vanilla (no PhazeOut override)
Hunter,Wolf_Left_Back_Leg_Mutant,75,19,,,,game/vanilla (no PhazeOut override),game/vanilla (no PhazeOut override)
Hunter,Wolf_Left_Front_Leg,75,15,,,,game/vanilla (no PhazeOut override),game/vanilla (no PhazeOut override)
Hunter,Wolf_Left_Front_Leg_Mutant,75,19,,,,game/vanilla (no PhazeOut override),game/vanilla (no PhazeOut override)
Hunter,Wolf_Right_Back_Leg,75,15,,,,game/vanilla (no PhazeOut override),game/vanilla (no PhazeOut override)
Hunter,Wolf_Right_Back_Leg_Mutant,75,19,,,,game/vanilla (no PhazeOut override),game/vanilla (no PhazeOut override)
Hunter,Wolf_Right_Front_Leg,75,15,,,,game/vanilla (no PhazeOut override),game/vanilla (no PhazeOut override)
Hunter,Wolf_Right_Front_Leg_Mutant,75,19,,,,game/vanilla (no PhazeOut override),game/vanilla (no PhazeOut override)
Hunter,Wolf_Skinned,800,166,,,,game/vanilla (no PhazeOut override),game/vanilla (no PhazeOut override)
Hunter,Wolf_Skinned_Mutant,800,215,,,,game/vanilla (no PhazeOut override),game/vanilla (no PhazeOut override)
Hunter,Wolf_Steak,200,13,,,,game/vanilla (no PhazeOut override),game/vanilla (no PhazeOut override)
Hunter,Wolf_Torso,500,104,,,,game/vanilla (no PhazeOut override),game/vanilla (no PhazeOut override)
Hunter,Wolf_Torso_Mutant,500,135,,,,game/vanilla (no PhazeOut override),game/vanilla (no PhazeOut override)
Hunter,Wooden_Arrow,10,0,,,,game/vanilla (no PhazeOut override),game/vanilla (no PhazeOut override)
Hunter,Wooden_ArrowFeathers,15,0,,,,game/vanilla (no PhazeOut override),game/vanilla (no PhazeOut override)
Hunter,Wooden_ArrowMetalTip,20,0,,,,game/vanilla (no PhazeOut override),game/vanilla (no PhazeOut override)
Hunter,Wooden_ArrowStoneTip,17,0,,,,game/vanilla (no PhazeOut override),game/vanilla (no PhazeOut override)
Hunter,WoodlandHunter_AntlerBackpack_01,600,200,,,,game/vanilla (no PhazeOut override),game/vanilla (no PhazeOut override)
Hunter,WoodlandHunter_Facemask,550,183,,,,game/vanilla (no PhazeOut override),game/vanilla (no PhazeOut override)
Hunter,WoodlandHunter_Hat_01,220,73,,,,game/vanilla (no PhazeOut override),game/vanilla (no PhazeOut override)
Hunter,WoodlandHunter_Poncho_01,580,12,,,,game/vanilla (no PhazeOut override),game/vanilla (no PhazeOut override)
Hunter,WoodlandHunter_Quiver_01,6600,1375,,,,game/vanilla (no PhazeOut override),game/vanilla (no PhazeOut override)
Hunter,ZombieMeat,10,0,,,,game/vanilla (no PhazeOut override),game/vanilla (no PhazeOut override)
Hunter,Zombie_01_Head,10,0,,,,game/vanilla (no PhazeOut override),game/vanilla (no PhazeOut override)
Hunter,Zombie_01_Head_No_teeth,10,0,,,,game/vanilla (no PhazeOut override),game/vanilla (no PhazeOut override)
Hunter,Zombie_01_Left_Arm,10,0,,,,game/vanilla (no PhazeOut override),game/vanilla (no PhazeOut override)
Hunter,Zombie_01_Left_Foot,10,0,,,,game/vanilla (no PhazeOut override),game/vanilla (no PhazeOut override)
Hunter,Zombie_01_Left_Leg,10,0,,,,game/vanilla (no PhazeOut override),game/vanilla (no PhazeOut override)
Hunter,Zombie_01_Right_Arm,10,0,,,,game/vanilla (no PhazeOut override),game/vanilla (no PhazeOut override)
Hunter,Zombie_01_Right_Foot,10,0,,,,game/vanilla (no PhazeOut override),game/vanilla (no PhazeOut override)
Hunter,Zombie_01_Right_Leg,10,0,,,,game/vanilla (no PhazeOut override),game/vanilla (no PhazeOut override)
Hunter,Zombie_01_Torso,10,0,,,,game/vanilla (no PhazeOut override),game/vanilla (no PhazeOut override)
Hunter,Zombie_Fat,10,0,,,,game/vanilla (no PhazeOut override),game/vanilla (no PhazeOut override)
Hunter,Zombie_guts,10,0,,,,game/vanilla (no PhazeOut override),game/vanilla (no PhazeOut override)
Mechanic,Aeroplane_Repair_Kit,11000,2291,,,,game/vanilla (no PhazeOut override),game/vanilla (no PhazeOut override)
Mechanic,BPC_CityBike,7000,1272,,,,game/vanilla (no PhazeOut override),game/vanilla (no PhazeOut override)
Mechanic,BPC_Cruiser,26000,1181,,,,game/vanilla (no PhazeOut override),game/vanilla (no PhazeOut override)
Mechanic,BPC_Dirtbike,27000,4950,,,,game/vanilla (no PhazeOut override),game/vanilla (no PhazeOut override)
Mechanic,BPC_Laika,49000,11200,,,,game/vanilla (no PhazeOut override),game/vanilla (no PhazeOut override)
Mechanic,BPC_MountainBike,7000,1272,,,,game/vanilla (no PhazeOut override),game/vanilla (no PhazeOut override)
Mechanic,BPC_RIS,35000,212,,,,game/vanilla (no PhazeOut override),game/vanilla (no PhazeOut override)
Mechanic,BPC_Rager,50000,9090,,,,game/vanilla (no PhazeOut override),game/vanilla (no PhazeOut override)
Mechanic,BPC_SidecarBike,40000,242,,,,game/vanilla (no PhazeOut override),game/vanilla (no PhazeOut override)
Mechanic,BPC_Tractor,40000,242,,,,game/vanilla (no PhazeOut override),game/vanilla (no PhazeOut override)
Mechanic,BPC_WolfsWagen,45000,8000,,,,game/vanilla (no PhazeOut override),game/vanilla (no PhazeOut override)
Mechanic,BP_WheelBarrow_Improvised,150,27,,,,game/vanilla (no PhazeOut override),game/vanilla (no PhazeOut override)
Mechanic,BP_WheelBarrow_Metal,250,45,,,,game/vanilla (no PhazeOut override),game/vanilla (no PhazeOut override)
Mechanic,Bicycle_Wheel_54_622_Item,500,227,,,,game/vanilla (no PhazeOut override),game/vanilla (no PhazeOut override)
Mechanic,Bicycle_Wheel_60_622_Item,500,227,,,,game/vanilla (no PhazeOut override),game/vanilla (no PhazeOut override)
Mechanic,Big_Vehicle_StorageRack,2800,1272,,,,game/vanilla (no PhazeOut override),game/vanilla (no PhazeOut override)
Mechanic,Brake_Oil,250,26,,,,game/vanilla (no PhazeOut override),game/vanilla (no PhazeOut override)
Mechanic,Car_Battery,1200,625,,,,game/vanilla (no PhazeOut override),game/vanilla (no PhazeOut override)
Mechanic,Car_Battery_Cables,400,20,,,,game/vanilla (no PhazeOut override),game/vanilla (no PhazeOut override)
Mechanic,Car_Jack,1900,395,,,,game/vanilla (no PhazeOut override),game/vanilla (no PhazeOut override)
Mechanic,Car_Radio_Item,500,227,,,,game/vanilla (no PhazeOut override),game/vanilla (no PhazeOut override)
Mechanic,Car_Repair_Kit,1500,312,,,,game/vanilla (no PhazeOut override),game/vanilla (no PhazeOut override)
Mechanic,Cruiser_Brakelight_Item,200,90,,,,game/vanilla (no PhazeOut override),game/vanilla (no PhazeOut override)
Mechanic,Cruiser_Fender_Front_Item,450,204,,,,game/vanilla (no PhazeOut override),game/vanilla (no PhazeOut override)
Mechanic,Cruiser_Fender_Rear_Item,450,204,,,,game/vanilla (no PhazeOut override),game/vanilla (no PhazeOut override)
Mechanic,Cruiser_Headlight_Item,480,218,,,,game/vanilla (no PhazeOut override),game/vanilla (no PhazeOut override)
Mechanic,Cruiser_Seat_Front_Item,500,227,,,,game/vanilla (no PhazeOut override),game/vanilla (no PhazeOut override)
Mechanic,Cruiser_Seat_Rear_Item,500,227,,,,game/vanilla (no PhazeOut override),game/vanilla (no PhazeOut override)
Mechanic,Cruiser_Wheel_155_66_R17,800,363,,,,game/vanilla (no PhazeOut override),game/vanilla (no PhazeOut override)
Mechanic,Cruiser_Wheel_188_53_R17,800,363,,,,game/vanilla (no PhazeOut override),game/vanilla (no PhazeOut override)
Mechanic,Cruiser_Wind_Deflector_Item,600,272,,,,game/vanilla (no PhazeOut override),game/vanilla (no PhazeOut override)
Mechanic,Dirtbike_Body_Hellrider_Item,1300,590,,,,game/vanilla (no PhazeOut override),game/vanilla (no PhazeOut override)
Mechanic,Dirtbike_Body_Item,1400,299,,,,game/vanilla (no PhazeOut override),game/vanilla (no PhazeOut override)
Mechanic,Dirtbike_Brakelight_Item,200,90,,,,game/vanilla (no PhazeOut override),game/vanilla (no PhazeOut override)
Mechanic,Dirtbike_Fender_Item,450,204,,,,game/vanilla (no PhazeOut override),game/vanilla (no PhazeOut override)
Mechanic,Dirtbike_Front_Shield_Item,380,172,,,,game/vanilla (no PhazeOut override),game/vanilla (no PhazeOut override)
Mechanic,Dirtbike_Front_Wheel_Cover_Item,310,140,,,,game/vanilla (no PhazeOut override),game/vanilla (no PhazeOut override)
Mechanic,Dirtbike_Headlight_Item,320,145,,,,game/vanilla (no PhazeOut override),game/vanilla (no PhazeOut override)
Mechanic,Dirtbike_Hellrider_Skull_Item,450,204,,,,game/vanilla (no PhazeOut override),game/vanilla (no PhazeOut override)
Mechanic,Dirtbike_Wheel_110_80_R19_Item,600,250,,,,game/vanilla (no PhazeOut override),game/vanilla (no PhazeOut override)
Mechanic,Dirtbike_Wheel_90_90_R21_Item,600,250,,,,game/vanilla (no PhazeOut override),game/vanilla (no PhazeOut override)
Mechanic,Gasoline_Canister,600,124,,,,game/vanilla (no PhazeOut override),game/vanilla (no PhazeOut override)
Mechanic,Gasoline_Canister_Small,300,62,,,,game/vanilla (no PhazeOut override),game/vanilla (no PhazeOut override)
Mechanic,Improvised_Tire_Repair_Kit,440,24,,,,game/vanilla (no PhazeOut override),game/vanilla (no PhazeOut override)
Mechanic,Improvised_Wheel,550,1,,,,game/vanilla (no PhazeOut override),game/vanilla (no PhazeOut override)
Mechanic,Laika_Body_ArmorHeavy_Left,1000,454,,,,game/vanilla (no PhazeOut override),game/vanilla (no PhazeOut override)
Mechanic,Laika_Body_ArmorHeavy_Right,1000,454,,,,game/vanilla (no PhazeOut override),game/vanilla (no PhazeOut override)
Mechanic,Laika_Body_ArmorHeavy_Top_Item,1000,454,,,,game/vanilla (no PhazeOut override),game/vanilla (no PhazeOut override)
Mechanic,Laika_Body_ArmorLight_Left,750,413,,,,game/vanilla (no PhazeOut override),game/vanilla (no PhazeOut override)
Mechanic,Laika_Body_ArmorLight_Right,750,413,,,,game/vanilla (no PhazeOut override),game/vanilla (no PhazeOut override)
Mechanic,Laika_Body_ArmorLight_Top,500,227,,,,game/vanilla (no PhazeOut override),game/vanilla (no PhazeOut override)
Mechanic,Laika_Body_Front,3500,1818,,,,game/vanilla (no PhazeOut override),game/vanilla (no PhazeOut override)
Mechanic,Laika_Body_Left,3500,1818,,,,game/vanilla (no PhazeOut override),game/vanilla (no PhazeOut override)
Mechanic,Laika_Body_Right,3500,1818,,,,game/vanilla (no PhazeOut override),game/vanilla (no PhazeOut override)
Mechanic,Laika_Body_Top,3500,1818,,,,game/vanilla (no PhazeOut override),game/vanilla (no PhazeOut override)
Mechanic,Laika_Bumper_Armor_Back_Item,300,136,,,,game/vanilla (no PhazeOut override),game/vanilla (no PhazeOut override)
Mechanic,Laika_Bumper_Back_Item,400,181,,,,game/vanilla (no PhazeOut override),game/vanilla (no PhazeOut override)
Mechanic,Laika_Bumper_Front_Item,400,181,,,,game/vanilla (no PhazeOut override),game/vanilla (no PhazeOut override)
Mechanic,Laika_DoorHood_Item,1500,826,,,,game/vanilla (no PhazeOut override),game/vanilla (no PhazeOut override)
Mechanic,Laika_DoorTrunk_ArmorHeavy_Item,1500,681,,,,game/vanilla (no PhazeOut override),game/vanilla (no PhazeOut override)
Mechanic,Laika_DoorTrunk_ArmorLight_Item,1000,454,,,,game/vanilla (no PhazeOut override),game/vanilla (no PhazeOut override)
Mechanic,Laika_DoorTrunk_Item,3000,1363,,,,game/vanilla (no PhazeOut override),game/vanilla (no PhazeOut override)
Mechanic,Laika_Door_ArmorHeavy_FrontLeft_Item,1000,454,,,,game/vanilla (no PhazeOut override),game/vanilla (no PhazeOut override)
Mechanic,Laika_Door_ArmorHeavy_FrontRight_Item,1000,454,,,,game/vanilla (no PhazeOut override),game/vanilla (no PhazeOut override)
Mechanic,Laika_Door_ArmorLight_FrontLeft_Item,750,413,,,,game/vanilla (no PhazeOut override),game/vanilla (no PhazeOut override)
Mechanic,Laika_Door_ArmorLight_FrontRight_Item,750,340,,,,game/vanilla (no PhazeOut override),game/vanilla (no PhazeOut override)
Mechanic,Laika_Door_Left_Item,1500,826,,,,game/vanilla (no PhazeOut override),game/vanilla (no PhazeOut override)
Mechanic,Laika_Door_Right_Item,1500,681,,,,game/vanilla (no PhazeOut override),game/vanilla (no PhazeOut override)
Mechanic,Laika_Engine_Alternator_Item,2500,1298,,,,game/vanilla (no PhazeOut override),game/vanilla (no PhazeOut override)
Mechanic,Laika_Lights_FrontLeft,1200,436,,,,game/vanilla (no PhazeOut override),game/vanilla (no PhazeOut override)
Mechanic,Laika_Lights_FrontRight,1200,436,,,,game/vanilla (no PhazeOut override),game/vanilla (no PhazeOut override)
Mechanic,Laika_Lights_RearLeft,1200,436,,,,game/vanilla (no PhazeOut override),game/vanilla (no PhazeOut override)
Mechanic,Laika_Lights_RearRight,1200,436,,,,game/vanilla (no PhazeOut override),game/vanilla (no PhazeOut override)
Mechanic,Laika_Seat_FrontLeft_Item,1000,606,,,,game/vanilla (no PhazeOut override),game/vanilla (no PhazeOut override)
Mechanic,Laika_Seat_FrontRight_Item,1000,606,,,,game/vanilla (no PhazeOut override),game/vanilla (no PhazeOut override)
Mechanic,Medium_Vehicle_StorageRack,1800,818,,,,game/vanilla (no PhazeOut override),game/vanilla (no PhazeOut override)
Mechanic,Motorbike_Battery,700,364,,,,game/vanilla (no PhazeOut override),game/vanilla (no PhazeOut override)
Mechanic,Oil_Filter,250,26,,,,game/vanilla (no PhazeOut override),game/vanilla (no PhazeOut override)
Mechanic,RIS_Armor_Military_Front_Item,100,50,,,,game/vanilla (no PhazeOut override),game/vanilla (no PhazeOut override)
Mechanic,RIS_Bars_Civilian_Back_Item,2000,909,,,,game/vanilla (no PhazeOut override),game/vanilla (no PhazeOut override)
Mechanic,RIS_Bars_Civilian_Front_Item,2000,909,,,,game/vanilla (no PhazeOut override),game/vanilla (no PhazeOut override)
Mechanic,RIS_Body_Civilian_Item,3700,1681,,,,game/vanilla (no PhazeOut override),game/vanilla (no PhazeOut override)
Mechanic,RIS_Body_Military_Item,3700,1681,,,,game/vanilla (no PhazeOut override),game/vanilla (no PhazeOut override)
Mechanic,RIS_BrakeLight_Center_Item,650,295,,,,game/vanilla (no PhazeOut override),game/vanilla (no PhazeOut override)
Mechanic,RIS_BrakeLight_Left_Item,650,295,,,,game/vanilla (no PhazeOut override),game/vanilla (no PhazeOut override)
Mechanic,RIS_BrakeLight_Right_Item,650,295,,,,game/vanilla (no PhazeOut override),game/vanilla (no PhazeOut override)
Mechanic,RIS_Hand_Guards_Civilian_Item,450,204,,,,game/vanilla (no PhazeOut override),game/vanilla (no PhazeOut override)
Mechanic,RIS_Headlight_Left_Item,650,295,,,,game/vanilla (no PhazeOut override),game/vanilla (no PhazeOut override)
Mechanic,RIS_Headlight_Right_Item,650,295,,,,game/vanilla (no PhazeOut override),game/vanilla (no PhazeOut override)
Mechanic,RIS_Light_Shades_Civilian_Item,450,204,,,,game/vanilla (no PhazeOut override),game/vanilla (no PhazeOut override)
Mechanic,RIS_Plow_Civilian,1300,590,,,,game/vanilla (no PhazeOut override),game/vanilla (no PhazeOut override)
Mechanic,RIS_Spikes_Military,1300,590,,,,game/vanilla (no PhazeOut override),game/vanilla (no PhazeOut override)
Mechanic,RIS_Wheel_Armor_Item,1000,454,,,,game/vanilla (no PhazeOut override),game/vanilla (no PhazeOut override)
Mechanic,Rager_Body_ArmorHeavy_Back_Item,1200,363,,,,game/vanilla (no PhazeOut override),game/vanilla (no PhazeOut override)
Mechanic,Rager_Body_ArmorHeavy_Left_Item,1200,363,,,,game/vanilla (no PhazeOut override),game/vanilla (no PhazeOut override)
Mechanic,Rager_Body_ArmorHeavy_Right_Item,1200,363,,,,game/vanilla (no PhazeOut override),game/vanilla (no PhazeOut override)
Mechanic,Rager_Body_ArmorHeavy_Top_Item,1200,363,,,,game/vanilla (no PhazeOut override),game/vanilla (no PhazeOut override)
Mechanic,Rager_Body_ArmorLight_Back_Item,800,242,,,,game/vanilla (no PhazeOut override),game/vanilla (no PhazeOut override)
Mechanic,Rager_Body_ArmorLight_Left_Item,800,242,,,,game/vanilla (no PhazeOut override),game/vanilla (no PhazeOut override)
Mechanic,Rager_Body_ArmorLight_Right_Item,800,242,,,,game/vanilla (no PhazeOut override),game/vanilla (no PhazeOut override)
Mechanic,Rager_Body_ArmorLight_Top_Item,800,242,,,,game/vanilla (no PhazeOut override),game/vanilla (no PhazeOut override)
Mechanic,Rager_Body_Front,3900,1772,,,,game/vanilla (no PhazeOut override),game/vanilla (no PhazeOut override)
Mechanic,Rager_Body_Left,3900,1772,,,,game/vanilla (no PhazeOut override),game/vanilla (no PhazeOut override)
Mechanic,Rager_Body_Right,3900,1772,,,,game/vanilla (no PhazeOut override),game/vanilla (no PhazeOut override)
Mechanic,Rager_Body_Top,3900,1772,,,,game/vanilla (no PhazeOut override),game/vanilla (no PhazeOut override)
Mechanic,Rager_Bumper_Back_Item,600,181,,,,game/vanilla (no PhazeOut override),game/vanilla (no PhazeOut override)
Mechanic,Rager_Bumper_Front_Item,600,181,,,,game/vanilla (no PhazeOut override),game/vanilla (no PhazeOut override)
Mechanic,Rager_DoorHood_Item,1800,818,,,,game/vanilla (no PhazeOut override),game/vanilla (no PhazeOut override)
Mechanic,Rager_DoorTrunk_ArmorHeavy_Item,1500,454,,,,game/vanilla (no PhazeOut override),game/vanilla (no PhazeOut override)
Mechanic,Rager_DoorTrunk_ArmorLight_Item,1000,303,,,,game/vanilla (no PhazeOut override),game/vanilla (no PhazeOut override)
Mechanic,Rager_DoorTrunk_Item,3100,1409,,,,game/vanilla (no PhazeOut override),game/vanilla (no PhazeOut override)
Mechanic,Rager_Door_ArmorHeavy_BackLeft_Item,1200,363,,,,game/vanilla (no PhazeOut override),game/vanilla (no PhazeOut override)
Mechanic,Rager_Door_ArmorHeavy_BackRight_Item,1200,363,,,,game/vanilla (no PhazeOut override),game/vanilla (no PhazeOut override)
Mechanic,Rager_Door_ArmorHeavy_FrontLeft_Item,1200,363,,,,game/vanilla (no PhazeOut override),game/vanilla (no PhazeOut override)
Mechanic,Rager_Door_ArmorHeavy_FrontRight_Item,1200,363,,,,game/vanilla (no PhazeOut override),game/vanilla (no PhazeOut override)
Mechanic,Rager_Door_ArmorLight_BackLeft_Item,800,242,,,,game/vanilla (no PhazeOut override),game/vanilla (no PhazeOut override)
Mechanic,Rager_Door_ArmorLight_BackRight_Item,800,242,,,,game/vanilla (no PhazeOut override),game/vanilla (no PhazeOut override)
Mechanic,Rager_Door_ArmorLight_FrontLeft_Item,800,242,,,,game/vanilla (no PhazeOut override),game/vanilla (no PhazeOut override)
Mechanic,Rager_Door_ArmorLight_FrontRight_Item,800,242,,,,game/vanilla (no PhazeOut override),game/vanilla (no PhazeOut override)
Mechanic,Rager_Door_BackLeft_Item,1800,818,,,,game/vanilla (no PhazeOut override),game/vanilla (no PhazeOut override)
Mechanic,Rager_Door_BackRight_Item,1800,818,,,,game/vanilla (no PhazeOut override),game/vanilla (no PhazeOut override)
Mechanic,Rager_Door_FrontLeft_Item,1800,818,,,,game/vanilla (no PhazeOut override),game/vanilla (no PhazeOut override)
Mechanic,Rager_Door_FrontRight_Item,1800,818,,,,game/vanilla (no PhazeOut override),game/vanilla (no PhazeOut override)
Mechanic,Rager_Engine_Alternator_Item,2700,1227,,,,game/vanilla (no PhazeOut override),game/vanilla (no PhazeOut override)
Mechanic,Rager_Lights_FrontLeft,1400,195,,,,game/vanilla (no PhazeOut override),game/vanilla (no PhazeOut override)
Mechanic,Rager_Lights_FrontRight,1400,195,,,,game/vanilla (no PhazeOut override),game/vanilla (no PhazeOut override)
Mechanic,Rager_Lights_RearLeft,1400,195,,,,game/vanilla (no PhazeOut override),game/vanilla (no PhazeOut override)
Mechanic,Rager_Lights_RearRight,1400,195,,,,game/vanilla (no PhazeOut override),game/vanilla (no PhazeOut override)
Mechanic,Rager_Lights_RearTop,1400,424,,,,game/vanilla (no PhazeOut override),game/vanilla (no PhazeOut override)
Mechanic,Rager_Seat_FrontLeft_Item,1300,590,,,,game/vanilla (no PhazeOut override),game/vanilla (no PhazeOut override)
Mechanic,Rager_Seat_FrontRight_Item,1300,590,,,,game/vanilla (no PhazeOut override),game/vanilla (no PhazeOut override)
Mechanic,Rager_Wheel_ArmorHeavy_FrontLeft_Item,500,151,,,,game/vanilla (no PhazeOut override),game/vanilla (no PhazeOut override)
Mechanic,Rager_Wheel_ArmorHeavy_FrontRight_Item,500,151,,,,game/vanilla (no PhazeOut override),game/vanilla (no PhazeOut override)
Mechanic,Rager_Wheel_ArmorLight_FrontLeft_Item,370,112,,,,game/vanilla (no PhazeOut override),game/vanilla (no PhazeOut override)
Mechanic,Rager_Wheel_ArmorLight_FrontRight_Item,370,112,,,,game/vanilla (no PhazeOut override),game/vanilla (no PhazeOut override)
Mechanic,ServiceBP_Install_BP_Cruiser_Engine_ICU,100,50,,,,game/vanilla (no PhazeOut override),game/vanilla (no PhazeOut override)
Mechanic,ServiceBP_Install_BP_Dirtbike_Engine_ICU,100,50,,,,game/vanilla (no PhazeOut override),game/vanilla (no PhazeOut override)
Mechanic,ServiceBP_Install_BP_Laika_Door_ArmorHeavy_BackLeft_Item,100,50,,,,game/vanilla (no PhazeOut override),game/vanilla (no PhazeOut override)
Mechanic,ServiceBP_Install_BP_Laika_Door_ArmorHeavy_BackRight_Item,100,50,,,,game/vanilla (no PhazeOut override),game/vanilla (no PhazeOut override)
Mechanic,ServiceBP_Install_BP_Laika_Door_ArmorLight_BackLeft_Item,100,50,,,,game/vanilla (no PhazeOut override),game/vanilla (no PhazeOut override)
Mechanic,ServiceBP_Install_BP_Laika_Door_ArmorLight_BackRight_Item,100,50,,,,game/vanilla (no PhazeOut override),game/vanilla (no PhazeOut override)
Mechanic,ServiceBP_Install_BP_Laika_Engine_ICU,100,50,,,,game/vanilla (no PhazeOut override),game/vanilla (no PhazeOut override)
Mechanic,ServiceBP_Install_BP_Laika_Radiator_Item,0,0,,,,game/vanilla (no PhazeOut override),game/vanilla (no PhazeOut override)
Mechanic,ServiceBP_Install_BP_Laika_Seat_BackLeft_Item,0,0,,,,game/vanilla (no PhazeOut override),game/vanilla (no PhazeOut override)
Mechanic,ServiceBP_Install_BP_Laika_Seat_BackRight_Item,0,0,,,,game/vanilla (no PhazeOut override),game/vanilla (no PhazeOut override)
Mechanic,ServiceBP_Install_BP_Laika_TimingBelt_Item,0,0,,,,game/vanilla (no PhazeOut override),game/vanilla (no PhazeOut override)
Mechanic,ServiceBP_Install_BP_Laika_Wheel_ArmorLight_FrontLeft_Item,0,0,,,,game/vanilla (no PhazeOut override),game/vanilla (no PhazeOut override)
Mechanic,ServiceBP_Install_BP_Laika_Wheel_ArmorLight_FrontRight_Item,92,16,,,,game/vanilla (no PhazeOut override),game/vanilla (no PhazeOut override)
Mechanic,ServiceBP_Install_BP_RIS_Engine_ICU,100,50,,,,game/vanilla (no PhazeOut override),game/vanilla (no PhazeOut override)
Mechanic,ServiceBP_Install_BP_Rager_Engine_ICU,100,50,,,,game/vanilla (no PhazeOut override),game/vanilla (no PhazeOut override)
Mechanic,ServiceBP_Install_BP_SidecarBike_Engine_ICU,100,50,,,,game/vanilla (no PhazeOut override),game/vanilla (no PhazeOut override)
Mechanic,ServiceBP_Install_BP_Tractor_Engine_ICU,100,50,,,,game/vanilla (no PhazeOut override),game/vanilla (no PhazeOut override)
Mechanic,ServiceBP_Install_BP_Vehicle_CattlePusher_Item,0,0,,,,game/vanilla (no PhazeOut override),game/vanilla (no PhazeOut override)
Mechanic,ServiceBP_Install_BP_Vehicle_HoodFlag_Item,0,0,,,,game/vanilla (no PhazeOut override),game/vanilla (no PhazeOut override)
Mechanic,ServiceBP_Install_BP_Vehicle_RoofRack_Item,0,0,,,,game/vanilla (no PhazeOut override),game/vanilla (no PhazeOut override)
Mechanic,ServiceBP_Install_BP_Vehicle_SpikedReinforcement_Item,0,0,,,,game/vanilla (no PhazeOut override),game/vanilla (no PhazeOut override)
Mechanic,ServiceBP_Install_BP_Vehicle_TrainBumper_Item,1500,272,,,,game/vanilla (no PhazeOut override),game/vanilla (no PhazeOut override)
Mechanic,ServiceBP_Install_BP_WW_Engine_ICU,100,50,,,,game/vanilla (no PhazeOut override),game/vanilla (no PhazeOut override)
Mechanic,ServiceBP_Install_BP_WW_Radiator_Item,0,0,,,,game/vanilla (no PhazeOut override),game/vanilla (no PhazeOut override)
Mechanic,ServiceBP_Install_BP_WW_TimingBelt_Item,0,0,,,,game/vanilla (no PhazeOut override),game/vanilla (no PhazeOut override)
Mechanic,ServiceBP_Install_Bicycle_Wheel_54_622_Item,100,50,,,,game/vanilla (no PhazeOut override),game/vanilla (no PhazeOut override)
Mechanic,ServiceBP_Install_Bicycle_Wheel_60_622_Item,100,50,,,,game/vanilla (no PhazeOut override),game/vanilla (no PhazeOut override)
Mechanic,ServiceBP_Install_Big_Vehicle_StorageRack,100,50,,,,game/vanilla (no PhazeOut override),game/vanilla (no PhazeOut override)
Mechanic,ServiceBP_Install_Car_Battery,0,0,,,,game/vanilla (no PhazeOut override),game/vanilla (no PhazeOut override)
Mechanic,ServiceBP_Install_Car_Radio_Item,0,0,,,,game/vanilla (no PhazeOut override),game/vanilla (no PhazeOut override)
Mechanic,ServiceBP_Install_Cruiser_Brakelight_Item,0,0,,,,game/vanilla (no PhazeOut override),game/vanilla (no PhazeOut override)
Mechanic,ServiceBP_Install_Cruiser_Fender_Front_Item,0,0,,,,game/vanilla (no PhazeOut override),game/vanilla (no PhazeOut override)
Mechanic,ServiceBP_Install_Cruiser_Fender_Rear_Item,0,0,,,,game/vanilla (no PhazeOut override),game/vanilla (no PhazeOut override)
Mechanic,ServiceBP_Install_Cruiser_Headlight_Item,0,0,,,,game/vanilla (no PhazeOut override),game/vanilla (no PhazeOut override)
Mechanic,ServiceBP_Install_Cruiser_Seat_Front_Item,0,0,,,,game/vanilla (no PhazeOut override),game/vanilla (no PhazeOut override)
Mechanic,ServiceBP_Install_Cruiser_Seat_Rear_Item,0,0,,,,game/vanilla (no PhazeOut override),game/vanilla (no PhazeOut override)
Mechanic,ServiceBP_Install_Cruiser_Wheel_155_66_R17,0,0,,,,game/vanilla (no PhazeOut override),game/vanilla (no PhazeOut override)
Mechanic,ServiceBP_Install_Cruiser_Wheel_188_53_R17,0,0,,,,game/vanilla (no PhazeOut override),game/vanilla (no PhazeOut override)
Mechanic,ServiceBP_Install_Cruiser_Wind_Deflector_Item,0,0,,,,game/vanilla (no PhazeOut override),game/vanilla (no PhazeOut override)
Mechanic,ServiceBP_Install_Dirtbike_Body_Hellrider_Item,0,0,,,,game/vanilla (no PhazeOut override),game/vanilla (no PhazeOut override)
Mechanic,ServiceBP_Install_Dirtbike_Body_Item,0,0,,,,game/vanilla (no PhazeOut override),game/vanilla (no PhazeOut override)
Mechanic,ServiceBP_Install_Dirtbike_Brakelight_Item,0,0,,,,game/vanilla (no PhazeOut override),game/vanilla (no PhazeOut override)
Mechanic,ServiceBP_Install_Dirtbike_Fender_Item,0,0,,,,game/vanilla (no PhazeOut override),game/vanilla (no PhazeOut override)
Mechanic,ServiceBP_Install_Dirtbike_Front_Shield_Item,0,0,,,,game/vanilla (no PhazeOut override),game/vanilla (no PhazeOut override)
Mechanic,ServiceBP_Install_Dirtbike_Front_Wheel_Cover_Item,0,0,,,,game/vanilla (no PhazeOut override),game/vanilla (no PhazeOut override)
Mechanic,ServiceBP_Install_Dirtbike_Headlight_Item,0,0,,,,game/vanilla (no PhazeOut override),game/vanilla (no PhazeOut override)
Mechanic,ServiceBP_Install_Dirtbike_Hellrider_Skull_Item,0,0,,,,game/vanilla (no PhazeOut override),game/vanilla (no PhazeOut override)
Mechanic,ServiceBP_Install_Dirtbike_Wheel_110_80_R19_Item,100,50,,,,game/vanilla (no PhazeOut override),game/vanilla (no PhazeOut override)
Mechanic,ServiceBP_Install_Dirtbike_Wheel_90_90_R21_Item,100,50,,,,game/vanilla (no PhazeOut override),game/vanilla (no PhazeOut override)
Mechanic,ServiceBP_Install_Laika_Body_ArmorHeavy_Left,100,50,,,,game/vanilla (no PhazeOut override),game/vanilla (no PhazeOut override)
Mechanic,ServiceBP_Install_Laika_Body_ArmorHeavy_Right,100,50,,,,game/vanilla (no PhazeOut override),game/vanilla (no PhazeOut override)
Mechanic,ServiceBP_Install_Laika_Body_ArmorHeavy_Top_Item,100,50,,,,game/vanilla (no PhazeOut override),game/vanilla (no PhazeOut override)
Mechanic,ServiceBP_Install_Laika_Body_ArmorLight_Left,100,50,,,,game/vanilla (no PhazeOut override),game/vanilla (no PhazeOut override)
Mechanic,ServiceBP_Install_Laika_Body_ArmorLight_Right,100,50,,,,game/vanilla (no PhazeOut override),game/vanilla (no PhazeOut override)
Mechanic,ServiceBP_Install_Laika_Body_ArmorLight_Top,100,50,,,,game/vanilla (no PhazeOut override),game/vanilla (no PhazeOut override)
Mechanic,ServiceBP_Install_Laika_Body_Front,0,0,,,,game/vanilla (no PhazeOut override),game/vanilla (no PhazeOut override)
Mechanic,ServiceBP_Install_Laika_Body_Left,0,0,,,,game/vanilla (no PhazeOut override),game/vanilla (no PhazeOut override)
Mechanic,ServiceBP_Install_Laika_Body_Right,0,0,,,,game/vanilla (no PhazeOut override),game/vanilla (no PhazeOut override)
Mechanic,ServiceBP_Install_Laika_Body_Top,0,0,,,,game/vanilla (no PhazeOut override),game/vanilla (no PhazeOut override)
Mechanic,ServiceBP_Install_Laika_Bumper_Armor_Back_Item,100,50,,,,game/vanilla (no PhazeOut override),game/vanilla (no PhazeOut override)
Mechanic,ServiceBP_Install_Laika_Bumper_Back_Item,100,50,,,,game/vanilla (no PhazeOut override),game/vanilla (no PhazeOut override)
Mechanic,ServiceBP_Install_Laika_Bumper_Front_Item,100,50,,,,game/vanilla (no PhazeOut override),game/vanilla (no PhazeOut override)
Mechanic,ServiceBP_Install_Laika_DoorHood_Item,100,50,,,,game/vanilla (no PhazeOut override),game/vanilla (no PhazeOut override)
Mechanic,ServiceBP_Install_Laika_DoorTrunk_ArmorHeavy_Item,100,50,,,,game/vanilla (no PhazeOut override),game/vanilla (no PhazeOut override)
Mechanic,ServiceBP_Install_Laika_DoorTrunk_ArmorLight_Item,100,50,,,,game/vanilla (no PhazeOut override),game/vanilla (no PhazeOut override)
Mechanic,ServiceBP_Install_Laika_DoorTrunk_Item,100,50,,,,game/vanilla (no PhazeOut override),game/vanilla (no PhazeOut override)
Mechanic,ServiceBP_Install_Laika_Door_ArmorHeavy_FrontLeft_Item,100,50,,,,game/vanilla (no PhazeOut override),game/vanilla (no PhazeOut override)
Mechanic,ServiceBP_Install_Laika_Door_ArmorHeavy_FrontRight_Item,100,50,,,,game/vanilla (no PhazeOut override),game/vanilla (no PhazeOut override)
Mechanic,ServiceBP_Install_Laika_Door_ArmorLight_FrontLeft_Item,100,50,,,,game/vanilla (no PhazeOut override),game/vanilla (no PhazeOut override)
Mechanic,ServiceBP_Install_Laika_Door_ArmorLight_FrontRight_Item,100,50,,,,game/vanilla (no PhazeOut override),game/vanilla (no PhazeOut override)
Mechanic,ServiceBP_Install_Laika_Door_Left_Item,100,50,,,,game/vanilla (no PhazeOut override),game/vanilla (no PhazeOut override)
Mechanic,ServiceBP_Install_Laika_Door_Right_Item,100,50,,,,game/vanilla (no PhazeOut override),game/vanilla (no PhazeOut override)
Mechanic,ServiceBP_Install_Laika_Engine_Alternator_Item,100,50,,,,game/vanilla (no PhazeOut override),game/vanilla (no PhazeOut override)
Mechanic,ServiceBP_Install_Laika_Lights_FrontLeft,0,0,,,,game/vanilla (no PhazeOut override),game/vanilla (no PhazeOut override)
Mechanic,ServiceBP_Install_Laika_Lights_FrontRight,0,0,,,,game/vanilla (no PhazeOut override),game/vanilla (no PhazeOut override)
Mechanic,ServiceBP_Install_Laika_Lights_RearLeft,0,0,,,,game/vanilla (no PhazeOut override),game/vanilla (no PhazeOut override)
Mechanic,ServiceBP_Install_Laika_Lights_RearRight,0,0,,,,game/vanilla (no PhazeOut override),game/vanilla (no PhazeOut override)
Mechanic,ServiceBP_Install_Laika_Seat_FrontLeft_Item,100,50,,,,game/vanilla (no PhazeOut override),game/vanilla (no PhazeOut override)
Mechanic,ServiceBP_Install_Laika_Seat_FrontRight_Item,100,50,,,,game/vanilla (no PhazeOut override),game/vanilla (no PhazeOut override)
Mechanic,ServiceBP_Install_Medium_Vehicle_StorageRack,0,0,,,,game/vanilla (no PhazeOut override),game/vanilla (no PhazeOut override)
Mechanic,ServiceBP_Install_Motorbike_Battery,0,0,,,,game/vanilla (no PhazeOut override),game/vanilla (no PhazeOut override)
Mechanic,ServiceBP_Install_RIS_Armor_Military_Front_Item,100,50,,,,game/vanilla (no PhazeOut override),game/vanilla (no PhazeOut override)
Mechanic,ServiceBP_Install_RIS_Bars_Civilian_Back_Item,0,0,,,,game/vanilla (no PhazeOut override),game/vanilla (no PhazeOut override)
Mechanic,ServiceBP_Install_RIS_Bars_Civilian_Front_Item,0,0,,,,game/vanilla (no PhazeOut override),game/vanilla (no PhazeOut override)
Mechanic,ServiceBP_Install_RIS_Body_Civilian_Item,0,0,,,,game/vanilla (no PhazeOut override),game/vanilla (no PhazeOut override)
Mechanic,ServiceBP_Install_RIS_Body_Military_Item,0,0,,,,game/vanilla (no PhazeOut override),game/vanilla (no PhazeOut override)
Mechanic,ServiceBP_Install_RIS_BrakeLight_Center_Item,100,50,,,,game/vanilla (no PhazeOut override),game/vanilla (no PhazeOut override)
Mechanic,ServiceBP_Install_RIS_BrakeLight_Left_Item,100,50,,,,game/vanilla (no PhazeOut override),game/vanilla (no PhazeOut override)
Mechanic,ServiceBP_Install_RIS_BrakeLight_Right_Item,100,50,,,,game/vanilla (no PhazeOut override),game/vanilla (no PhazeOut override)
Mechanic,ServiceBP_Install_RIS_Hand_Guards_Civilian_Item,0,0,,,,game/vanilla (no PhazeOut override),game/vanilla (no PhazeOut override)
Mechanic,ServiceBP_Install_RIS_Headlight_Left_Item,100,50,,,,game/vanilla (no PhazeOut override),game/vanilla (no PhazeOut override)
Mechanic,ServiceBP_Install_RIS_Headlight_Right_Item,100,50,,,,game/vanilla (no PhazeOut override),game/vanilla (no PhazeOut override)
Mechanic,ServiceBP_Install_RIS_Light_Shades_Civilian_Item,0,0,,,,game/vanilla (no PhazeOut override),game/vanilla (no PhazeOut override)
Mechanic,ServiceBP_Install_RIS_Plow_Civilian,0,0,,,,game/vanilla (no PhazeOut override),game/vanilla (no PhazeOut override)
Mechanic,ServiceBP_Install_RIS_Spikes_Military,0,0,,,,game/vanilla (no PhazeOut override),game/vanilla (no PhazeOut override)
Mechanic,ServiceBP_Install_RIS_Wheel_Armor_Item,0,0,,,,game/vanilla (no PhazeOut override),game/vanilla (no PhazeOut override)
Mechanic,ServiceBP_Install_Rager_Body_ArmorHeavy_Back_Item,0,0,,,,game/vanilla (no PhazeOut override),game/vanilla (no PhazeOut override)
Mechanic,ServiceBP_Install_Rager_Body_ArmorHeavy_Left_Item,0,0,,,,game/vanilla (no PhazeOut override),game/vanilla (no PhazeOut override)
Mechanic,ServiceBP_Install_Rager_Body_ArmorHeavy_Right_Item,0,0,,,,game/vanilla (no PhazeOut override),game/vanilla (no PhazeOut override)
Mechanic,ServiceBP_Install_Rager_Body_ArmorHeavy_Top_Item,0,0,,,,game/vanilla (no PhazeOut override),game/vanilla (no PhazeOut override)
Mechanic,ServiceBP_Install_Rager_Body_ArmorLight_Back_Item,0,0,,,,game/vanilla (no PhazeOut override),game/vanilla (no PhazeOut override)
Mechanic,ServiceBP_Install_Rager_Body_ArmorLight_Left_Item,0,0,,,,game/vanilla (no PhazeOut override),game/vanilla (no PhazeOut override)
Mechanic,ServiceBP_Install_Rager_Body_ArmorLight_Right_Item,0,0,,,,game/vanilla (no PhazeOut override),game/vanilla (no PhazeOut override)
Mechanic,ServiceBP_Install_Rager_Body_ArmorLight_Top_Item,0,0,,,,game/vanilla (no PhazeOut override),game/vanilla (no PhazeOut override)
Mechanic,ServiceBP_Install_Rager_Body_Front,0,0,,,,game/vanilla (no PhazeOut override),game/vanilla (no PhazeOut override)
Mechanic,ServiceBP_Install_Rager_Body_Left,0,0,,,,game/vanilla (no PhazeOut override),game/vanilla (no PhazeOut override)
Mechanic,ServiceBP_Install_Rager_Body_Right,0,0,,,,game/vanilla (no PhazeOut override),game/vanilla (no PhazeOut override)
Mechanic,ServiceBP_Install_Rager_Body_Top,0,0,,,,game/vanilla (no PhazeOut override),game/vanilla (no PhazeOut override)
Mechanic,ServiceBP_Install_Rager_Bumper_Back_Item,0,0,,,,game/vanilla (no PhazeOut override),game/vanilla (no PhazeOut override)
Mechanic,ServiceBP_Install_Rager_Bumper_Front_Item,0,0,,,,game/vanilla (no PhazeOut override),game/vanilla (no PhazeOut override)
Mechanic,ServiceBP_Install_Rager_DoorHood_Item,0,0,,,,game/vanilla (no PhazeOut override),game/vanilla (no PhazeOut override)
Mechanic,ServiceBP_Install_Rager_DoorTrunk_ArmorHeavy_Item,0,0,,,,game/vanilla (no PhazeOut override),game/vanilla (no PhazeOut override)
Mechanic,ServiceBP_Install_Rager_DoorTrunk_ArmorLight_Item,0,0,,,,game/vanilla (no PhazeOut override),game/vanilla (no PhazeOut override)
Mechanic,ServiceBP_Install_Rager_DoorTrunk_Item,0,0,,,,game/vanilla (no PhazeOut override),game/vanilla (no PhazeOut override)
Mechanic,ServiceBP_Install_Rager_Door_ArmorHeavy_BackLeft_Item,0,0,,,,game/vanilla (no PhazeOut override),game/vanilla (no PhazeOut override)
Mechanic,ServiceBP_Install_Rager_Door_ArmorHeavy_BackRight_Item,0,0,,,,game/vanilla (no PhazeOut override),game/vanilla (no PhazeOut override)
Mechanic,ServiceBP_Install_Rager_Door_ArmorHeavy_FrontLeft_Item,0,0,,,,game/vanilla (no PhazeOut override),game/vanilla (no PhazeOut override)
Mechanic,ServiceBP_Install_Rager_Door_ArmorHeavy_FrontRight_Item,0,0,,,,game/vanilla (no PhazeOut override),game/vanilla (no PhazeOut override)
Mechanic,ServiceBP_Install_Rager_Door_ArmorLight_BackLeft_Item,0,0,,,,game/vanilla (no PhazeOut override),game/vanilla (no PhazeOut override)
Mechanic,ServiceBP_Install_Rager_Door_ArmorLight_BackRight_Item,0,0,,,,game/vanilla (no PhazeOut override),game/vanilla (no PhazeOut override)
Mechanic,ServiceBP_Install_Rager_Door_ArmorLight_FrontLeft_Item,0,0,,,,game/vanilla (no PhazeOut override),game/vanilla (no PhazeOut override)
Mechanic,ServiceBP_Install_Rager_Door_ArmorLight_FrontRight_Item,0,0,,,,game/vanilla (no PhazeOut override),game/vanilla (no PhazeOut override)
Mechanic,ServiceBP_Install_Rager_Door_BackLeft_Item,0,0,,,,game/vanilla (no PhazeOut override),game/vanilla (no PhazeOut override)
Mechanic,ServiceBP_Install_Rager_Door_BackRight_Item,0,0,,,,game/vanilla (no PhazeOut override),game/vanilla (no PhazeOut override)
Mechanic,ServiceBP_Install_Rager_Door_FrontLeft_Item,0,0,,,,game/vanilla (no PhazeOut override),game/vanilla (no PhazeOut override)
Mechanic,ServiceBP_Install_Rager_Door_FrontRight_Item,0,0,,,,game/vanilla (no PhazeOut override),game/vanilla (no PhazeOut override)
Mechanic,ServiceBP_Install_Rager_Engine_Alternator_Item,0,0,,,,game/vanilla (no PhazeOut override),game/vanilla (no PhazeOut override)
Mechanic,ServiceBP_Install_Rager_Lights_FrontLeft,0,0,,,,game/vanilla (no PhazeOut override),game/vanilla (no PhazeOut override)
Mechanic,ServiceBP_Install_Rager_Lights_FrontRight,92,0,,,,game/vanilla (no PhazeOut override),game/vanilla (no PhazeOut override)
Mechanic,ServiceBP_Install_Rager_Lights_RearLeft,0,0,,,,game/vanilla (no PhazeOut override),game/vanilla (no PhazeOut override)
Mechanic,ServiceBP_Install_Rager_Lights_RearRight,0,0,,,,game/vanilla (no PhazeOut override),game/vanilla (no PhazeOut override)
Mechanic,ServiceBP_Install_Rager_Lights_RearTop,0,0,,,,game/vanilla (no PhazeOut override),game/vanilla (no PhazeOut override)
Mechanic,ServiceBP_Install_Rager_Seat_FrontLeft_Item,0,0,,,,game/vanilla (no PhazeOut override),game/vanilla (no PhazeOut override)
Mechanic,ServiceBP_Install_Rager_Seat_FrontRight_Item,0,0,,,,game/vanilla (no PhazeOut override),game/vanilla (no PhazeOut override)
Mechanic,ServiceBP_Install_Rager_Wheel_ArmorHeavy_FrontLeft_Item,0,0,,,,game/vanilla (no PhazeOut override),game/vanilla (no PhazeOut override)
Mechanic,ServiceBP_Install_Rager_Wheel_ArmorHeavy_FrontRight_Item,0,0,,,,game/vanilla (no PhazeOut override),game/vanilla (no PhazeOut override)
Mechanic,ServiceBP_Install_Rager_Wheel_ArmorLight_FrontLeft_Item,0,0,,,,game/vanilla (no PhazeOut override),game/vanilla (no PhazeOut override)
Mechanic,ServiceBP_Install_Rager_Wheel_ArmorLight_FrontRight_Item,0,0,,,,game/vanilla (no PhazeOut override),game/vanilla (no PhazeOut override)
Mechanic,ServiceBP_Install_SidecarBike_Brakelight_Item,0,0,,,,game/vanilla (no PhazeOut override),game/vanilla (no PhazeOut override)
Mechanic,ServiceBP_Install_SidecarBike_Fender_Front_Item,0,0,,,,game/vanilla (no PhazeOut override),game/vanilla (no PhazeOut override)
Mechanic,ServiceBP_Install_SidecarBike_Fender_Rear_Item,0,0,,,,game/vanilla (no PhazeOut override),game/vanilla (no PhazeOut override)
Mechanic,ServiceBP_Install_SidecarBike_Fender_Sidecar_Item,0,0,,,,game/vanilla (no PhazeOut override),game/vanilla (no PhazeOut override)
Mechanic,ServiceBP_Install_SidecarBike_Headlight_Item,0,0,,,,game/vanilla (no PhazeOut override),game/vanilla (no PhazeOut override)
Mechanic,ServiceBP_Install_SidecarBike_Seat_Back_Item,0,0,,,,game/vanilla (no PhazeOut override),game/vanilla (no PhazeOut override)
Mechanic,ServiceBP_Install_SidecarBike_Seat_Front_Item,0,0,,,,game/vanilla (no PhazeOut override),game/vanilla (no PhazeOut override)
Mechanic,ServiceBP_Install_SidecarBike_Sidecar_Brakelight_Item,0,0,,,,game/vanilla (no PhazeOut override),game/vanilla (no PhazeOut override)
Mechanic,ServiceBP_Install_SidecarBike_Sidecar_Headlight_Item,0,0,,,,game/vanilla (no PhazeOut override),game/vanilla (no PhazeOut override)
Mechanic,ServiceBP_Install_SidecarBike_Sidecar_WeaponStation_Item,0,0,,,,game/vanilla (no PhazeOut override),game/vanilla (no PhazeOut override)
Mechanic,ServiceBP_Install_SidecarBike_Wheel_4x16_Item,100,50,,,,game/vanilla (no PhazeOut override),game/vanilla (no PhazeOut override)
Mechanic,ServiceBP_Install_Small_Vehicle_StorageRack,0,0,,,,game/vanilla (no PhazeOut override),game/vanilla (no PhazeOut override)
Mechanic,ServiceBP_Install_Tractor_Body_Left_ArmorHeavy_Item,0,0,,,,game/vanilla (no PhazeOut override),game/vanilla (no PhazeOut override)
Mechanic,ServiceBP_Install_Tractor_Body_Left_Brakelight_Item,0,0,,,,game/vanilla (no PhazeOut override),game/vanilla (no PhazeOut override)
Mechanic,ServiceBP_Install_Tractor_Body_Left_Item,0,0,,,,game/vanilla (no PhazeOut override),game/vanilla (no PhazeOut override)
Mechanic,ServiceBP_Install_Tractor_Body_Right_ArmorHeavy_Item,0,0,,,,game/vanilla (no PhazeOut override),game/vanilla (no PhazeOut override)
Mechanic,ServiceBP_Install_Tractor_Body_Right_Brakelight_Item,0,0,,,,game/vanilla (no PhazeOut override),game/vanilla (no PhazeOut override)
Mechanic,ServiceBP_Install_Tractor_Body_Right_Item,0,0,,,,game/vanilla (no PhazeOut override),game/vanilla (no PhazeOut override)
Mechanic,ServiceBP_Install_Tractor_Body_Top,0,0,,,,game/vanilla (no PhazeOut override),game/vanilla (no PhazeOut override)
Mechanic,ServiceBP_Install_Tractor_Body_Top_ArmorHeavy_Back_Item,0,0,,,,game/vanilla (no PhazeOut override),game/vanilla (no PhazeOut override)
Mechanic,ServiceBP_Install_Tractor_Body_Top_ArmorHeavy_Front_Item,0,0,,,,game/vanilla (no PhazeOut override),game/vanilla (no PhazeOut override)
Mechanic,ServiceBP_Install_Tractor_Body_Top_ArmorHeavy_Left_Item,0,0,,,,game/vanilla (no PhazeOut override),game/vanilla (no PhazeOut override)
Mechanic,ServiceBP_Install_Tractor_Body_Top_ArmorHeavy_Right_Item,0,0,,,,game/vanilla (no PhazeOut override),game/vanilla (no PhazeOut override)
Mechanic,ServiceBP_Install_Tractor_Body_Top_Door_Left_Item,0,0,,,,game/vanilla (no PhazeOut override),game/vanilla (no PhazeOut override)
Mechanic,ServiceBP_Install_Tractor_Body_Top_Door_Right_Item,0,0,,,,game/vanilla (no PhazeOut override),game/vanilla (no PhazeOut override)
Mechanic,ServiceBP_Install_Tractor_Carriage,0,0,,,,game/vanilla (no PhazeOut override),game/vanilla (no PhazeOut override)
Mechanic,ServiceBP_Install_Tractor_Door_Hood_Headlight_Left_Item,0,0,,,,game/vanilla (no PhazeOut override),game/vanilla (no PhazeOut override)
Mechanic,ServiceBP_Install_Tractor_Door_Hood_Headlight_Right_Item,0,0,,,,game/vanilla (no PhazeOut override),game/vanilla (no PhazeOut override)
Mechanic,ServiceBP_Install_Tractor_Door_Hood_Item,0,0,,,,game/vanilla (no PhazeOut override),game/vanilla (no PhazeOut override)
Mechanic,ServiceBP_Install_Tractor_Door_Left_ArmorHeavy_Item,0,0,,,,game/vanilla (no PhazeOut override),game/vanilla (no PhazeOut override)
Mechanic,ServiceBP_Install_Tractor_Door_Right_ArmorHeavy_Item,0,0,,,,game/vanilla (no PhazeOut override),game/vanilla (no PhazeOut override)
Mechanic,ServiceBP_Install_Tractor_Engine_Alternator_Item,0,0,,,,game/vanilla (no PhazeOut override),game/vanilla (no PhazeOut override)
Mechanic,ServiceBP_Install_Tractor_Seat_Driver_Item,0,0,,,,game/vanilla (no PhazeOut override),game/vanilla (no PhazeOut override)
Mechanic,ServiceBP_Install_Tractor_WheelArmorHeavy_Front_Item,0,0,,,,game/vanilla (no PhazeOut override),game/vanilla (no PhazeOut override)
Mechanic,ServiceBP_Install_WW_Body_ArmorHeavy_Top_Item,100,50,,,,game/vanilla (no PhazeOut override),game/vanilla (no PhazeOut override)
Mechanic,ServiceBP_Install_WW_Body_Back,0,0,,,,game/vanilla (no PhazeOut override),game/vanilla (no PhazeOut override)
Mechanic,ServiceBP_Install_WW_Body_Front,0,0,,,,game/vanilla (no PhazeOut override),game/vanilla (no PhazeOut override)
Mechanic,ServiceBP_Install_WW_Body_Left,0,0,,,,game/vanilla (no PhazeOut override),game/vanilla (no PhazeOut override)
Mechanic,ServiceBP_Install_WW_Body_Right,0,0,,,,game/vanilla (no PhazeOut override),game/vanilla (no PhazeOut override)
Mechanic,ServiceBP_Install_WW_Body_Top,0,0,,,,game/vanilla (no PhazeOut override),game/vanilla (no PhazeOut override)
Mechanic,ServiceBP_Install_WW_Bumper_Armor_Back_Item,100,50,,,,game/vanilla (no PhazeOut override),game/vanilla (no PhazeOut override)
Mechanic,ServiceBP_Install_WW_Bumper_Back_Item,100,50,,,,game/vanilla (no PhazeOut override),game/vanilla (no PhazeOut override)
Mechanic,ServiceBP_Install_WW_Bumper_Front_Item,100,50,,,,game/vanilla (no PhazeOut override),game/vanilla (no PhazeOut override)
Mechanic,ServiceBP_Install_WW_DoorHood_Item,100,50,,,,game/vanilla (no PhazeOut override),game/vanilla (no PhazeOut override)
Mechanic,ServiceBP_Install_WW_DoorTrunk_ArmorHeavy_Item,100,50,,,,game/vanilla (no PhazeOut override),game/vanilla (no PhazeOut override)
Mechanic,ServiceBP_Install_WW_DoorTrunk_ArmorLight_Item,100,50,,,,game/vanilla (no PhazeOut override),game/vanilla (no PhazeOut override)
Mechanic,ServiceBP_Install_WW_DoorTrunk_Item,100,50,,,,game/vanilla (no PhazeOut override),game/vanilla (no PhazeOut override)
Mechanic,ServiceBP_Install_WW_Door_ArmorHeavy_BackLeft_Item,100,50,,,,game/vanilla (no PhazeOut override),game/vanilla (no PhazeOut override)
Mechanic,ServiceBP_Install_WW_Door_ArmorHeavy_BackRight_Item,100,50,,,,game/vanilla (no PhazeOut override),game/vanilla (no PhazeOut override)
Mechanic,ServiceBP_Install_WW_Door_ArmorHeavy_FrontLeft_Item,100,50,,,,game/vanilla (no PhazeOut override),game/vanilla (no PhazeOut override)
Mechanic,ServiceBP_Install_WW_Door_ArmorHeavy_FrontRight_Item,100,50,,,,game/vanilla (no PhazeOut override),game/vanilla (no PhazeOut override)
Mechanic,ServiceBP_Install_WW_Door_ArmorLight_BackLeft_Item,100,50,,,,game/vanilla (no PhazeOut override),game/vanilla (no PhazeOut override)
Mechanic,ServiceBP_Install_WW_Door_ArmorLight_BackRight_Item,100,50,,,,game/vanilla (no PhazeOut override),game/vanilla (no PhazeOut override)
Mechanic,ServiceBP_Install_WW_Door_ArmorLight_FrontLeft_Item,100,50,,,,game/vanilla (no PhazeOut override),game/vanilla (no PhazeOut override)
Mechanic,ServiceBP_Install_WW_Door_ArmorLight_FrontRight_Item,100,50,,,,game/vanilla (no PhazeOut override),game/vanilla (no PhazeOut override)
Mechanic,ServiceBP_Install_WW_Door_BackLeft_Item,100,50,,,,game/vanilla (no PhazeOut override),game/vanilla (no PhazeOut override)
Mechanic,ServiceBP_Install_WW_Door_BackRight_Item,100,50,,,,game/vanilla (no PhazeOut override),game/vanilla (no PhazeOut override)
Mechanic,ServiceBP_Install_WW_Door_FrontLeft_Item,100,50,,,,game/vanilla (no PhazeOut override),game/vanilla (no PhazeOut override)
Mechanic,ServiceBP_Install_WW_Door_FrontRight_Item,100,50,,,,game/vanilla (no PhazeOut override),game/vanilla (no PhazeOut override)
Mechanic,ServiceBP_Install_WW_Engine_Alternator_Item,100,50,,,,game/vanilla (no PhazeOut override),game/vanilla (no PhazeOut override)
Mechanic,ServiceBP_Install_WW_Lights_FrontLeft,0,0,,,,game/vanilla (no PhazeOut override),game/vanilla (no PhazeOut override)
Mechanic,ServiceBP_Install_WW_Lights_FrontRight,0,0,,,,game/vanilla (no PhazeOut override),game/vanilla (no PhazeOut override)
Mechanic,ServiceBP_Install_WW_Lights_RearLeft,0,0,,,,game/vanilla (no PhazeOut override),game/vanilla (no PhazeOut override)
Mechanic,ServiceBP_Install_WW_Lights_RearRight,0,0,,,,game/vanilla (no PhazeOut override),game/vanilla (no PhazeOut override)
Mechanic,ServiceBP_Install_WW_Seat_BackLeft_Item,100,50,,,,game/vanilla (no PhazeOut override),game/vanilla (no PhazeOut override)
Mechanic,ServiceBP_Install_WW_Seat_BackRight_Item,100,50,,,,game/vanilla (no PhazeOut override),game/vanilla (no PhazeOut override)
Mechanic,ServiceBP_Install_WW_Seat_FrontLeft_Item,100,50,,,,game/vanilla (no PhazeOut override),game/vanilla (no PhazeOut override)
Mechanic,ServiceBP_Install_WW_Seat_FrontRight_Item,100,50,,,,game/vanilla (no PhazeOut override),game/vanilla (no PhazeOut override)
Mechanic,ServiceBP_Install_WW_Wheel_ArmorLight_FrontLeft_Item,100,50,,,,game/vanilla (no PhazeOut override),game/vanilla (no PhazeOut override)
Mechanic,ServiceBP_Install_WW_Wheel_ArmorLight_FrontRight_Item,100,50,,,,game/vanilla (no PhazeOut override),game/vanilla (no PhazeOut override)
Mechanic,ServiceBP_Install_Wheel_155_R65_Item,100,50,,,,game/vanilla (no PhazeOut override),game/vanilla (no PhazeOut override)
Mechanic,ServiceBP_Install_Wheel_205_80_R12_Item,70,12,,,,game/vanilla (no PhazeOut override),game/vanilla (no PhazeOut override)
Mechanic,ServiceBP_Install_Wheel_255_55_R16_Item,100,50,,,,game/vanilla (no PhazeOut override),game/vanilla (no PhazeOut override)
Mechanic,ServiceBP_Install_Wheel_265_60_R18_Item,100,50,,,,game/vanilla (no PhazeOut override),game/vanilla (no PhazeOut override)
Mechanic,ServiceBP_Install_Wheel_6x16_Item,100,18,,,,game/vanilla (no PhazeOut override),game/vanilla (no PhazeOut override)
Mechanic,ServiceBP_Purchase_BP_Cruiser_Engine_ICU,100,50,,,,game/vanilla (no PhazeOut override),game/vanilla (no PhazeOut override)
Mechanic,ServiceBP_Purchase_BP_Dirtbike_Engine_ICU,100,50,,,,game/vanilla (no PhazeOut override),game/vanilla (no PhazeOut override)
Mechanic,ServiceBP_Purchase_BP_Laika_Engine_ICU,100,50,,,,game/vanilla (no PhazeOut override),game/vanilla (no PhazeOut override)
Mechanic,ServiceBP_Purchase_BP_RIS_Engine_ICU,100,50,,,,game/vanilla (no PhazeOut override),game/vanilla (no PhazeOut override)
Mechanic,ServiceBP_Purchase_BP_Rager_Engine_ICU,100,50,,,,game/vanilla (no PhazeOut override),game/vanilla (no PhazeOut override)
Mechanic,ServiceBP_Purchase_BP_SidecarBike_Engine_ICU,100,50,,,,game/vanilla (no PhazeOut override),game/vanilla (no PhazeOut override)
Mechanic,ServiceBP_Purchase_BP_Tractor_Engine_ICU,100,50,,,,game/vanilla (no PhazeOut override),game/vanilla (no PhazeOut override)
Mechanic,ServiceBP_Purchase_BP_WW_Engine_ICU,100,50,,,,game/vanilla (no PhazeOut override),game/vanilla (no PhazeOut override)
Mechanic,ServiceBP_Purchase_Tractor_Body_Top,4400,1600,,,,game/vanilla (no PhazeOut override),game/vanilla (no PhazeOut override)
Mechanic,ServiceBP_Purchase_Tractor_Carriage,4600,2090,,,,game/vanilla (no PhazeOut override),game/vanilla (no PhazeOut override)
Mechanic,ServiceBP_Repair_BPC_CityBike,15000,2727,,,,game/vanilla (no PhazeOut override),game/vanilla (no PhazeOut override)
Mechanic,ServiceBP_Repair_BPC_Cruiser,10000,60,,,,game/vanilla (no PhazeOut override),game/vanilla (no PhazeOut override)
Mechanic,ServiceBP_Repair_BPC_Dirtbike,100,50,,,,game/vanilla (no PhazeOut override),game/vanilla (no PhazeOut override)
Mechanic,ServiceBP_Repair_BPC_Laika,100,50,,,,game/vanilla (no PhazeOut override),game/vanilla (no PhazeOut override)
Mechanic,ServiceBP_Repair_BPC_MountainBike,15000,2727,,,,game/vanilla (no PhazeOut override),game/vanilla (no PhazeOut override)
Mechanic,ServiceBP_Repair_BPC_RIS,15000,2727,,,,game/vanilla (no PhazeOut override),game/vanilla (no PhazeOut override)
Mechanic,ServiceBP_Repair_BPC_Rager,10000,1818,,,,game/vanilla (no PhazeOut override),game/vanilla (no PhazeOut override)
Mechanic,ServiceBP_Repair_BPC_SidecarBike,10000,60,,,,game/vanilla (no PhazeOut override),game/vanilla (no PhazeOut override)
Mechanic,ServiceBP_Repair_BPC_Tractor,10000,60,,,,game/vanilla (no PhazeOut override),game/vanilla (no PhazeOut override)
Mechanic,ServiceBP_Repair_BPC_WolfsWagen,100,50,,,,game/vanilla (no PhazeOut override),game/vanilla (no PhazeOut override)
Mechanic,ServiceBP_Repair_BP_Cruiser_Engine_ICU,100,50,,,,game/vanilla (no PhazeOut override),game/vanilla (no PhazeOut override)
Mechanic,ServiceBP_Repair_BP_Dirtbike_Engine_ICU,100,50,,,,game/vanilla (no PhazeOut override),game/vanilla (no PhazeOut override)
Mechanic,ServiceBP_Repair_BP_Laika_Door_ArmorHeavy_BackLeft_Item,100,50,,,,game/vanilla (no PhazeOut override),game/vanilla (no PhazeOut override)
Mechanic,ServiceBP_Repair_BP_Laika_Door_ArmorHeavy_BackRight_Item,100,50,,,,game/vanilla (no PhazeOut override),game/vanilla (no PhazeOut override)
Mechanic,ServiceBP_Repair_BP_Laika_Door_ArmorLight_BackLeft_Item,100,50,,,,game/vanilla (no PhazeOut override),game/vanilla (no PhazeOut override)
Mechanic,ServiceBP_Repair_BP_Laika_Door_ArmorLight_BackRight_Item,100,50,,,,game/vanilla (no PhazeOut override),game/vanilla (no PhazeOut override)
Mechanic,ServiceBP_Repair_BP_Laika_Engine_ICU,100,50,,,,game/vanilla (no PhazeOut override),game/vanilla (no PhazeOut override)
Mechanic,ServiceBP_Repair_BP_Laika_Radiator_Item,1500,272,,,,game/vanilla (no PhazeOut override),game/vanilla (no PhazeOut override)
Mechanic,ServiceBP_Repair_BP_Laika_Seat_BackLeft_Item,1500,272,,,,game/vanilla (no PhazeOut override),game/vanilla (no PhazeOut override)
Mechanic,ServiceBP_Repair_BP_Laika_Seat_BackRight_Item,1500,272,,,,game/vanilla (no PhazeOut override),game/vanilla (no PhazeOut override)
Mechanic,ServiceBP_Repair_BP_Laika_TimingBelt_Item,1500,272,,,,game/vanilla (no PhazeOut override),game/vanilla (no PhazeOut override)
Mechanic,ServiceBP_Repair_BP_Laika_Wheel_ArmorLight_FrontLeft_Item,185,33,,,,game/vanilla (no PhazeOut override),game/vanilla (no PhazeOut override)
Mechanic,ServiceBP_Repair_BP_Laika_Wheel_ArmorLight_FrontRight_Item,185,33,,,,game/vanilla (no PhazeOut override),game/vanilla (no PhazeOut override)
Mechanic,ServiceBP_Repair_BP_RIS_Engine_ICU,100,50,,,,game/vanilla (no PhazeOut override),game/vanilla (no PhazeOut override)
Mechanic,ServiceBP_Repair_BP_Rager_Engine_ICU,100,50,,,,game/vanilla (no PhazeOut override),game/vanilla (no PhazeOut override)
Mechanic,ServiceBP_Repair_BP_SidecarBike_Engine_ICU,100,50,,,,game/vanilla (no PhazeOut override),game/vanilla (no PhazeOut override)
Mechanic,ServiceBP_Repair_BP_Tractor_Engine_ICU,100,50,,,,game/vanilla (no PhazeOut override),game/vanilla (no PhazeOut override)
Mechanic,ServiceBP_Repair_BP_Vehicle_CattlePusher_Item,1500,272,,,,game/vanilla (no PhazeOut override),game/vanilla (no PhazeOut override)
Mechanic,ServiceBP_Repair_BP_Vehicle_HoodFlag_Item,1500,272,,,,game/vanilla (no PhazeOut override),game/vanilla (no PhazeOut override)
Mechanic,ServiceBP_Repair_BP_Vehicle_RoofRack_Item,1500,272,,,,game/vanilla (no PhazeOut override),game/vanilla (no PhazeOut override)
Mechanic,ServiceBP_Repair_BP_Vehicle_SpikedReinforcement_Item,1500,272,,,,game/vanilla (no PhazeOut override),game/vanilla (no PhazeOut override)
Mechanic,ServiceBP_Repair_BP_Vehicle_TrainBumper_Item,1500,272,,,,game/vanilla (no PhazeOut override),game/vanilla (no PhazeOut override)
Mechanic,ServiceBP_Repair_BP_WW_Engine_ICU,100,50,,,,game/vanilla (no PhazeOut override),game/vanilla (no PhazeOut override)
Mechanic,ServiceBP_Repair_BP_WW_Radiator_Item,1500,272,,,,game/vanilla (no PhazeOut override),game/vanilla (no PhazeOut override)
Mechanic,ServiceBP_Repair_BP_WW_TimingBelt_Item,1500,272,,,,game/vanilla (no PhazeOut override),game/vanilla (no PhazeOut override)
Mechanic,ServiceBP_Repair_Bicycle_Wheel_54_622_Item,100,50,,,,game/vanilla (no PhazeOut override),game/vanilla (no PhazeOut override)
Mechanic,ServiceBP_Repair_Bicycle_Wheel_60_622_Item,100,50,,,,game/vanilla (no PhazeOut override),game/vanilla (no PhazeOut override)
Mechanic,ServiceBP_Repair_Big_Vehicle_StorageRack,100,50,,,,game/vanilla (no PhazeOut override),game/vanilla (no PhazeOut override)
Mechanic,ServiceBP_Repair_Car_Battery,600,109,,,,game/vanilla (no PhazeOut override),game/vanilla (no PhazeOut override)
Mechanic,ServiceBP_Repair_Car_Radio_Item,185,33,,,,game/vanilla (no PhazeOut override),game/vanilla (no PhazeOut override)
Mechanic,ServiceBP_Repair_Cruiser_Brakelight_Item,185,33,,,,game/vanilla (no PhazeOut override),game/vanilla (no PhazeOut override)
Mechanic,ServiceBP_Repair_Cruiser_Fender_Front_Item,185,33,,,,game/vanilla (no PhazeOut override),game/vanilla (no PhazeOut override)
Mechanic,ServiceBP_Repair_Cruiser_Fender_Rear_Item,185,33,,,,game/vanilla (no PhazeOut override),game/vanilla (no PhazeOut override)
Mechanic,ServiceBP_Repair_Cruiser_Headlight_Item,185,33,,,,game/vanilla (no PhazeOut override),game/vanilla (no PhazeOut override)
Mechanic,ServiceBP_Repair_Cruiser_Seat_Front_Item,185,33,,,,game/vanilla (no PhazeOut override),game/vanilla (no PhazeOut override)
Mechanic,ServiceBP_Repair_Cruiser_Seat_Rear_Item,185,33,,,,game/vanilla (no PhazeOut override),game/vanilla (no PhazeOut override)
Mechanic,ServiceBP_Repair_Cruiser_Wheel_155_66_R17,185,33,,,,game/vanilla (no PhazeOut override),game/vanilla (no PhazeOut override)
Mechanic,ServiceBP_Repair_Cruiser_Wheel_188_53_R17,185,33,,,,game/vanilla (no PhazeOut override),game/vanilla (no PhazeOut override)
Mechanic,ServiceBP_Repair_Cruiser_Wind_Deflector_Item,185,33,,,,game/vanilla (no PhazeOut override),game/vanilla (no PhazeOut override)
Mechanic,ServiceBP_Repair_Dirtbike_Body_Hellrider_Item,185,33,,,,game/vanilla (no PhazeOut override),game/vanilla (no PhazeOut override)
Mechanic,ServiceBP_Repair_Dirtbike_Body_Item,185,33,,,,game/vanilla (no PhazeOut override),game/vanilla (no PhazeOut override)
Mechanic,ServiceBP_Repair_Dirtbike_Brakelight_Item,185,33,,,,game/vanilla (no PhazeOut override),game/vanilla (no PhazeOut override)
Mechanic,ServiceBP_Repair_Dirtbike_Fender_Item,185,33,,,,game/vanilla (no PhazeOut override),game/vanilla (no PhazeOut override)
Mechanic,ServiceBP_Repair_Dirtbike_Front_Shield_Item,185,33,,,,game/vanilla (no PhazeOut override),game/vanilla (no PhazeOut override)
Mechanic,ServiceBP_Repair_Dirtbike_Front_Wheel_Cover_Item,185,33,,,,game/vanilla (no PhazeOut override),game/vanilla (no PhazeOut override)
Mechanic,ServiceBP_Repair_Dirtbike_Headlight_Item,185,33,,,,game/vanilla (no PhazeOut override),game/vanilla (no PhazeOut override)
Mechanic,ServiceBP_Repair_Dirtbike_Hellrider_Skull_Item,185,33,,,,game/vanilla (no PhazeOut override),game/vanilla (no PhazeOut override)
Mechanic,ServiceBP_Repair_Dirtbike_Wheel_110_80_R19_Item,100,50,,,,game/vanilla (no PhazeOut override),game/vanilla (no PhazeOut override)
Mechanic,ServiceBP_Repair_Dirtbike_Wheel_90_90_R21_Item,100,50,,,,game/vanilla (no PhazeOut override),game/vanilla (no PhazeOut override)
Mechanic,ServiceBP_Repair_Laika_Body_ArmorHeavy_Left,100,50,,,,game/vanilla (no PhazeOut override),game/vanilla (no PhazeOut override)
Mechanic,ServiceBP_Repair_Laika_Body_ArmorHeavy_Right,100,50,,,,game/vanilla (no PhazeOut override),game/vanilla (no PhazeOut override)
Mechanic,ServiceBP_Repair_Laika_Body_ArmorHeavy_Top_Item,100,50,,,,game/vanilla (no PhazeOut override),game/vanilla (no PhazeOut override)
Mechanic,ServiceBP_Repair_Laika_Body_ArmorLight_Right,100,50,,,,game/vanilla (no PhazeOut override),game/vanilla (no PhazeOut override)
Mechanic,ServiceBP_Repair_Laika_Body_ArmorLight_Top,100,50,,,,game/vanilla (no PhazeOut override),game/vanilla (no PhazeOut override)
Mechanic,ServiceBP_Repair_Laika_Body_Front,1000,181,,,,game/vanilla (no PhazeOut override),game/vanilla (no PhazeOut override)
Mechanic,ServiceBP_Repair_Laika_Body_Left,1000,181,,,,game/vanilla (no PhazeOut override),game/vanilla (no PhazeOut override)
Mechanic,ServiceBP_Repair_Laika_Body_Right,1000,181,,,,game/vanilla (no PhazeOut override),game/vanilla (no PhazeOut override)
Mechanic,ServiceBP_Repair_Laika_Body_Top,1000,181,,,,game/vanilla (no PhazeOut override),game/vanilla (no PhazeOut override)
Mechanic,ServiceBP_Repair_Laika_Bumper_Armor_Back_Item,100,50,,,,game/vanilla (no PhazeOut override),game/vanilla (no PhazeOut override)
Mechanic,ServiceBP_Repair_Laika_Bumper_Back_Item,100,50,,,,game/vanilla (no PhazeOut override),game/vanilla (no PhazeOut override)
Mechanic,ServiceBP_Repair_Laika_Bumper_Front_Item,100,50,,,,game/vanilla (no PhazeOut override),game/vanilla (no PhazeOut override)
Mechanic,ServiceBP_Repair_Laika_DoorHood_Item,100,50,,,,game/vanilla (no PhazeOut override),game/vanilla (no PhazeOut override)
Mechanic,ServiceBP_Repair_Laika_DoorTrunk_ArmorHeavy_Item,100,50,,,,game/vanilla (no PhazeOut override),game/vanilla (no PhazeOut override)
Mechanic,ServiceBP_Repair_Laika_DoorTrunk_ArmorLight_Item,100,50,,,,game/vanilla (no PhazeOut override),game/vanilla (no PhazeOut override)
Mechanic,ServiceBP_Repair_Laika_DoorTrunk_Item,100,50,,,,game/vanilla (no PhazeOut override),game/vanilla (no PhazeOut override)
Mechanic,ServiceBP_Repair_Laika_Door_ArmorHeavy_FrontLeft_Item,100,50,,,,game/vanilla (no PhazeOut override),game/vanilla (no PhazeOut override)
Mechanic,ServiceBP_Repair_Laika_Door_ArmorHeavy_FrontRight_Item,100,50,,,,game/vanilla (no PhazeOut override),game/vanilla (no PhazeOut override)
Mechanic,ServiceBP_Repair_Laika_Door_ArmorLight_FrontLeft_Item,100,50,,,,game/vanilla (no PhazeOut override),game/vanilla (no PhazeOut override)
Mechanic,ServiceBP_Repair_Laika_Door_ArmorLight_FrontRight_Item,100,50,,,,game/vanilla (no PhazeOut override),game/vanilla (no PhazeOut override)
Mechanic,ServiceBP_Repair_Laika_Door_Left_Item,100,50,,,,game/vanilla (no PhazeOut override),game/vanilla (no PhazeOut override)
Mechanic,ServiceBP_Repair_Laika_Door_Right_Item,100,50,,,,game/vanilla (no PhazeOut override),game/vanilla (no PhazeOut override)
Mechanic,ServiceBP_Repair_Laika_Engine_Alternator_Item,100,50,,,,game/vanilla (no PhazeOut override),game/vanilla (no PhazeOut override)
Mechanic,ServiceBP_Repair_Laika_Lights_FrontLeft,1000,181,,,,game/vanilla (no PhazeOut override),game/vanilla (no PhazeOut override)
Mechanic,ServiceBP_Repair_Laika_Lights_FrontRight,1000,181,,,,game/vanilla (no PhazeOut override),game/vanilla (no PhazeOut override)
Mechanic,ServiceBP_Repair_Laika_Lights_RearLeft,1000,181,,,,game/vanilla (no PhazeOut override),game/vanilla (no PhazeOut override)
Mechanic,ServiceBP_Repair_Laika_Lights_RearRight,1000,181,,,,game/vanilla (no PhazeOut override),game/vanilla (no PhazeOut override)
Mechanic,ServiceBP_Repair_Laika_Seat_FrontLeft_Item,100,50,,,,game/vanilla (no PhazeOut override),game/vanilla (no PhazeOut override)
Mechanic,ServiceBP_Repair_Laika_Seat_FrontRight_Item,100,50,,,,game/vanilla (no PhazeOut override),game/vanilla (no PhazeOut override)
Mechanic,ServiceBP_Repair_Medium_Vehicle_StorageRack,185,33,,,,game/vanilla (no PhazeOut override),game/vanilla (no PhazeOut override)
Mechanic,ServiceBP_Repair_Motorbike_Battery,600,109,,,,game/vanilla (no PhazeOut override),game/vanilla (no PhazeOut override)
Mechanic,ServiceBP_Repair_RIS_Armor_Military_Front_Item,100,50,,,,game/vanilla (no PhazeOut override),game/vanilla (no PhazeOut override)
Mechanic,ServiceBP_Repair_RIS_Bars_Civilian_Back_Item,185,33,,,,game/vanilla (no PhazeOut override),game/vanilla (no PhazeOut override)
Mechanic,ServiceBP_Repair_RIS_Bars_Civilian_Front_Item,185,33,,,,game/vanilla (no PhazeOut override),game/vanilla (no PhazeOut override)
Mechanic,ServiceBP_Repair_RIS_Body_Civilian_Item,185,33,,,,game/vanilla (no PhazeOut override),game/vanilla (no PhazeOut override)
Mechanic,ServiceBP_Repair_RIS_Body_Military_Item,185,33,,,,game/vanilla (no PhazeOut override),game/vanilla (no PhazeOut override)
Mechanic,ServiceBP_Repair_RIS_BrakeLight_Center_Item,100,50,,,,game/vanilla (no PhazeOut override),game/vanilla (no PhazeOut override)
Mechanic,ServiceBP_Repair_RIS_BrakeLight_Left_Item,100,50,,,,game/vanilla (no PhazeOut override),game/vanilla (no PhazeOut override)
Mechanic,ServiceBP_Repair_RIS_BrakeLight_Right_Item,100,50,,,,game/vanilla (no PhazeOut override),game/vanilla (no PhazeOut override)
Mechanic,ServiceBP_Repair_RIS_Hand_Guards_Civilian_Item,185,33,,,,game/vanilla (no PhazeOut override),game/vanilla (no PhazeOut override)
Mechanic,ServiceBP_Repair_RIS_Headlight_Left_Item,100,50,,,,game/vanilla (no PhazeOut override),game/vanilla (no PhazeOut override)
Mechanic,ServiceBP_Repair_RIS_Headlight_Right_Item,100,50,,,,game/vanilla (no PhazeOut override),game/vanilla (no PhazeOut override)
Mechanic,ServiceBP_Repair_RIS_Light_Shades_Civilian_Item,185,33,,,,game/vanilla (no PhazeOut override),game/vanilla (no PhazeOut override)
Mechanic,ServiceBP_Repair_RIS_Plow_Civilian,185,33,,,,game/vanilla (no PhazeOut override),game/vanilla (no PhazeOut override)
Mechanic,ServiceBP_Repair_RIS_Spikes_Military,185,33,,,,game/vanilla (no PhazeOut override),game/vanilla (no PhazeOut override)
Mechanic,ServiceBP_Repair_RIS_Wheel_Armor_Item,185,33,,,,game/vanilla (no PhazeOut override),game/vanilla (no PhazeOut override)
Mechanic,ServiceBP_Repair_Rager_Body_ArmorHeavy_Back_Item,500,90,,,,game/vanilla (no PhazeOut override),game/vanilla (no PhazeOut override)
Mechanic,ServiceBP_Repair_Rager_Body_ArmorHeavy_Left_Item,500,90,,,,game/vanilla (no PhazeOut override),game/vanilla (no PhazeOut override)
Mechanic,ServiceBP_Repair_Rager_Body_ArmorHeavy_Right_Item,500,90,,,,game/vanilla (no PhazeOut override),game/vanilla (no PhazeOut override)
Mechanic,ServiceBP_Repair_Rager_Body_ArmorHeavy_Top_Item,500,90,,,,game/vanilla (no PhazeOut override),game/vanilla (no PhazeOut override)
Mechanic,ServiceBP_Repair_Rager_Body_ArmorLight_Back_Item,375,68,,,,game/vanilla (no PhazeOut override),game/vanilla (no PhazeOut override)
Mechanic,ServiceBP_Repair_Rager_Body_ArmorLight_Left_Item,375,68,,,,game/vanilla (no PhazeOut override),game/vanilla (no PhazeOut override)
Mechanic,ServiceBP_Repair_Rager_Body_ArmorLight_Right_Item,375,68,,,,game/vanilla (no PhazeOut override),game/vanilla (no PhazeOut override)
Mechanic,ServiceBP_Repair_Rager_Body_ArmorLight_Top_Item,375,68,,,,game/vanilla (no PhazeOut override),game/vanilla (no PhazeOut override)
Mechanic,ServiceBP_Repair_Rager_Body_Front,185,33,,,,game/vanilla (no PhazeOut override),game/vanilla (no PhazeOut override)
Mechanic,ServiceBP_Repair_Rager_Body_Left,185,33,,,,game/vanilla (no PhazeOut override),game/vanilla (no PhazeOut override)
Mechanic,ServiceBP_Repair_Rager_Body_Right,185,33,,,,game/vanilla (no PhazeOut override),game/vanilla (no PhazeOut override)
Mechanic,ServiceBP_Repair_Rager_Body_Top,185,33,,,,game/vanilla (no PhazeOut override),game/vanilla (no PhazeOut override)
Mechanic,ServiceBP_Repair_Rager_Bumper_Back_Item,185,33,,,,game/vanilla (no PhazeOut override),game/vanilla (no PhazeOut override)
Mechanic,ServiceBP_Repair_Rager_Bumper_Front_Item,185,33,,,,game/vanilla (no PhazeOut override),game/vanilla (no PhazeOut override)
Mechanic,ServiceBP_Repair_Rager_DoorHood_Item,185,33,,,,game/vanilla (no PhazeOut override),game/vanilla (no PhazeOut override)
Mechanic,ServiceBP_Repair_Rager_DoorTrunk_ArmorHeavy_Item,750,136,,,,game/vanilla (no PhazeOut override),game/vanilla (no PhazeOut override)
Mechanic,ServiceBP_Repair_Rager_DoorTrunk_ArmorLight_Item,500,90,,,,game/vanilla (no PhazeOut override),game/vanilla (no PhazeOut override)
Mechanic,ServiceBP_Repair_Rager_DoorTrunk_Item,185,33,,,,game/vanilla (no PhazeOut override),game/vanilla (no PhazeOut override)
Mechanic,ServiceBP_Repair_Rager_Door_ArmorHeavy_BackLeft_Item,500,90,,,,game/vanilla (no PhazeOut override),game/vanilla (no PhazeOut override)
Mechanic,ServiceBP_Repair_Rager_Door_ArmorHeavy_BackRight_Item,500,90,,,,game/vanilla (no PhazeOut override),game/vanilla (no PhazeOut override)
Mechanic,ServiceBP_Repair_Rager_Door_ArmorHeavy_FrontLeft_Item,500,90,,,,game/vanilla (no PhazeOut override),game/vanilla (no PhazeOut override)
Mechanic,ServiceBP_Repair_Rager_Door_ArmorHeavy_FrontRight_Item,500,90,,,,game/vanilla (no PhazeOut override),game/vanilla (no PhazeOut override)
Mechanic,ServiceBP_Repair_Rager_Door_ArmorLight_BackLeft_Item,375,68,,,,game/vanilla (no PhazeOut override),game/vanilla (no PhazeOut override)
Mechanic,ServiceBP_Repair_Rager_Door_ArmorLight_BackRight_Item,375,68,,,,game/vanilla (no PhazeOut override),game/vanilla (no PhazeOut override)
Mechanic,ServiceBP_Repair_Rager_Door_ArmorLight_FrontLeft_Item,375,68,,,,game/vanilla (no PhazeOut override),game/vanilla (no PhazeOut override)
Mechanic,ServiceBP_Repair_Rager_Door_ArmorLight_FrontRight_Item,375,68,,,,game/vanilla (no PhazeOut override),game/vanilla (no PhazeOut override)
Mechanic,ServiceBP_Repair_Rager_Door_BackLeft_Item,185,33,,,,game/vanilla (no PhazeOut override),game/vanilla (no PhazeOut override)
Mechanic,ServiceBP_Repair_Rager_Door_BackRight_Item,185,33,,,,game/vanilla (no PhazeOut override),game/vanilla (no PhazeOut override)
Mechanic,ServiceBP_Repair_Rager_Door_FrontLeft_Item,185,33,,,,game/vanilla (no PhazeOut override),game/vanilla (no PhazeOut override)
Mechanic,ServiceBP_Repair_Rager_Door_FrontRight_Item,185,33,,,,game/vanilla (no PhazeOut override),game/vanilla (no PhazeOut override)
Mechanic,ServiceBP_Repair_Rager_Engine_Alternator_Item,185,33,,,,game/vanilla (no PhazeOut override),game/vanilla (no PhazeOut override)
Mechanic,ServiceBP_Repair_Rager_Lights_FrontLeft,185,33,,,,game/vanilla (no PhazeOut override),game/vanilla (no PhazeOut override)
Mechanic,ServiceBP_Repair_Rager_Lights_FrontRight,185,33,,,,game/vanilla (no PhazeOut override),game/vanilla (no PhazeOut override)
Mechanic,ServiceBP_Repair_Rager_Lights_RearLeft,185,33,,,,game/vanilla (no PhazeOut override),game/vanilla (no PhazeOut override)
Mechanic,ServiceBP_Repair_Rager_Lights_RearRight,185,33,,,,game/vanilla (no PhazeOut override),game/vanilla (no PhazeOut override)
Mechanic,ServiceBP_Repair_Rager_Lights_RearTop,185,33,,,,game/vanilla (no PhazeOut override),game/vanilla (no PhazeOut override)
Mechanic,ServiceBP_Repair_Rager_Seat_FrontLeft_Item,185,33,,,,game/vanilla (no PhazeOut override),game/vanilla (no PhazeOut override)
Mechanic,ServiceBP_Repair_Rager_Seat_FrontRight_Item,185,33,,,,game/vanilla (no PhazeOut override),game/vanilla (no PhazeOut override)
Mechanic,ServiceBP_Repair_Rager_Wheel_ArmorHeavy_FrontLeft_Item,300,54,,,,game/vanilla (no PhazeOut override),game/vanilla (no PhazeOut override)
Mechanic,ServiceBP_Repair_Rager_Wheel_ArmorHeavy_FrontRight_Item,300,54,,,,game/vanilla (no PhazeOut override),game/vanilla (no PhazeOut override)
Mechanic,ServiceBP_Repair_Rager_Wheel_ArmorLight_FrontLeft_Item,185,33,,,,game/vanilla (no PhazeOut override),game/vanilla (no PhazeOut override)
Mechanic,ServiceBP_Repair_Rager_Wheel_ArmorLight_FrontRight_Item,185,33,,,,game/vanilla (no PhazeOut override),game/vanilla (no PhazeOut override)
Mechanic,ServiceBP_Repair_SidecarBike_Brakelight_Item,185,33,,,,game/vanilla (no PhazeOut override),game/vanilla (no PhazeOut override)
Mechanic,ServiceBP_Repair_SidecarBike_Fender_Front_Item,185,33,,,,game/vanilla (no PhazeOut override),game/vanilla (no PhazeOut override)
Mechanic,ServiceBP_Repair_SidecarBike_Fender_Rear_Item,185,33,,,,game/vanilla (no PhazeOut override),game/vanilla (no PhazeOut override)
Mechanic,ServiceBP_Repair_SidecarBike_Fender_Sidecar_Item,185,33,,,,game/vanilla (no PhazeOut override),game/vanilla (no PhazeOut override)
Mechanic,ServiceBP_Repair_SidecarBike_Headlight_Item,185,33,,,,game/vanilla (no PhazeOut override),game/vanilla (no PhazeOut override)
Mechanic,ServiceBP_Repair_SidecarBike_Seat_Back_Item,185,33,,,,game/vanilla (no PhazeOut override),game/vanilla (no PhazeOut override)
Mechanic,ServiceBP_Repair_SidecarBike_Seat_Front_Item,185,33,,,,game/vanilla (no PhazeOut override),game/vanilla (no PhazeOut override)
Mechanic,ServiceBP_Repair_SidecarBike_Sidecar_Brakelight_Item,185,33,,,,game/vanilla (no PhazeOut override),game/vanilla (no PhazeOut override)
Mechanic,ServiceBP_Repair_SidecarBike_Sidecar_Headlight_Item,185,33,,,,game/vanilla (no PhazeOut override),game/vanilla (no PhazeOut override)
Mechanic,ServiceBP_Repair_SidecarBike_Sidecar_WeaponStation_Item,185,33,,,,game/vanilla (no PhazeOut override),game/vanilla (no PhazeOut override)
Mechanic,ServiceBP_Repair_SidecarBike_Wheel_4x16_Item,100,50,,,,game/vanilla (no PhazeOut override),game/vanilla (no PhazeOut override)
Mechanic,ServiceBP_Repair_Small_Vehicle_StorageRack,185,33,,,,game/vanilla (no PhazeOut override),game/vanilla (no PhazeOut override)
Mechanic,ServiceBP_Repair_Tractor_Body_Left_ArmorHeavy_Item,185,33,,,,game/vanilla (no PhazeOut override),game/vanilla (no PhazeOut override)
Mechanic,ServiceBP_Repair_Tractor_Body_Left_Brakelight_Item,185,33,,,,game/vanilla (no PhazeOut override),game/vanilla (no PhazeOut override)
Mechanic,ServiceBP_Repair_Tractor_Body_Left_Item,185,33,,,,game/vanilla (no PhazeOut override),game/vanilla (no PhazeOut override)
Mechanic,ServiceBP_Repair_Tractor_Body_Right_ArmorHeavy_Item,185,33,,,,game/vanilla (no PhazeOut override),game/vanilla (no PhazeOut override)
Mechanic,ServiceBP_Repair_Tractor_Body_Right_Brakelight_Item,185,33,,,,game/vanilla (no PhazeOut override),game/vanilla (no PhazeOut override)
Mechanic,ServiceBP_Repair_Tractor_Body_Right_Item,185,33,,,,game/vanilla (no PhazeOut override),game/vanilla (no PhazeOut override)
Mechanic,ServiceBP_Repair_Tractor_Body_Top,185,33,,,,game/vanilla (no PhazeOut override),game/vanilla (no PhazeOut override)
Mechanic,ServiceBP_Repair_Tractor_Body_Top_ArmorHeavy_Back_Item,185,33,,,,game/vanilla (no PhazeOut override),game/vanilla (no PhazeOut override)
Mechanic,ServiceBP_Repair_Tractor_Body_Top_ArmorHeavy_Front_Item,185,33,,,,game/vanilla (no PhazeOut override),game/vanilla (no PhazeOut override)
Mechanic,ServiceBP_Repair_Tractor_Body_Top_ArmorHeavy_Left_Item,185,33,,,,game/vanilla (no PhazeOut override),game/vanilla (no PhazeOut override)
Mechanic,ServiceBP_Repair_Tractor_Body_Top_ArmorHeavy_Right_Item,185,33,,,,game/vanilla (no PhazeOut override),game/vanilla (no PhazeOut override)
Mechanic,ServiceBP_Repair_Tractor_Body_Top_Door_Left_Item,185,33,,,,game/vanilla (no PhazeOut override),game/vanilla (no PhazeOut override)
Mechanic,ServiceBP_Repair_Tractor_Body_Top_Door_Right_Item,185,33,,,,game/vanilla (no PhazeOut override),game/vanilla (no PhazeOut override)
Mechanic,ServiceBP_Repair_Tractor_Carriage,185,33,,,,game/vanilla (no PhazeOut override),game/vanilla (no PhazeOut override)
Mechanic,ServiceBP_Repair_Tractor_Door_Hood_Headlight_Left_Item,185,33,,,,game/vanilla (no PhazeOut override),game/vanilla (no PhazeOut override)
Mechanic,ServiceBP_Repair_Tractor_Door_Hood_Headlight_Right_Item,185,33,,,,game/vanilla (no PhazeOut override),game/vanilla (no PhazeOut override)
Mechanic,ServiceBP_Repair_Tractor_Door_Hood_Item,185,33,,,,game/vanilla (no PhazeOut override),game/vanilla (no PhazeOut override)
Mechanic,ServiceBP_Repair_Tractor_Door_Left_ArmorHeavy_Item,185,33,,,,game/vanilla (no PhazeOut override),game/vanilla (no PhazeOut override)
Mechanic,ServiceBP_Repair_Tractor_Door_Right_ArmorHeavy_Item,185,33,,,,game/vanilla (no PhazeOut override),game/vanilla (no PhazeOut override)
Mechanic,ServiceBP_Repair_Tractor_Engine_Alternator_Item,185,33,,,,game/vanilla (no PhazeOut override),game/vanilla (no PhazeOut override)
Mechanic,ServiceBP_Repair_Tractor_Seat_Driver_Item,185,33,,,,game/vanilla (no PhazeOut override),game/vanilla (no PhazeOut override)
Mechanic,ServiceBP_Repair_Tractor_WheelArmorHeavy_Front_Item,185,33,,,,game/vanilla (no PhazeOut override),game/vanilla (no PhazeOut override)
Mechanic,ServiceBP_Repair_WW_Body_ArmorHeavy_Top_Item,100,50,,,,game/vanilla (no PhazeOut override),game/vanilla (no PhazeOut override)
Mechanic,ServiceBP_Repair_WW_Body_Back,185,33,,,,game/vanilla (no PhazeOut override),game/vanilla (no PhazeOut override)
Mechanic,ServiceBP_Repair_WW_Body_Front,185,33,,,,game/vanilla (no PhazeOut override),game/vanilla (no PhazeOut override)
Mechanic,ServiceBP_Repair_WW_Body_Left,185,33,,,,game/vanilla (no PhazeOut override),game/vanilla (no PhazeOut override)
Mechanic,ServiceBP_Repair_WW_Body_Right,185,33,,,,game/vanilla (no PhazeOut override),game/vanilla (no PhazeOut override)
Mechanic,ServiceBP_Repair_WW_Body_Top,185,33,,,,game/vanilla (no PhazeOut override),game/vanilla (no PhazeOut override)
Mechanic,ServiceBP_Repair_WW_Bumper_Armor_Back_Item,100,50,,,,game/vanilla (no PhazeOut override),game/vanilla (no PhazeOut override)
Mechanic,ServiceBP_Repair_WW_Bumper_Back_Item,100,50,,,,game/vanilla (no PhazeOut override),game/vanilla (no PhazeOut override)
Mechanic,ServiceBP_Repair_WW_Bumper_Front_Item,100,50,,,,game/vanilla (no PhazeOut override),game/vanilla (no PhazeOut override)
Mechanic,ServiceBP_Repair_WW_DoorHood_Item,100,50,,,,game/vanilla (no PhazeOut override),game/vanilla (no PhazeOut override)
Mechanic,ServiceBP_Repair_WW_DoorTrunk_ArmorHeavy_Item,100,50,,,,game/vanilla (no PhazeOut override),game/vanilla (no PhazeOut override)
Mechanic,ServiceBP_Repair_WW_DoorTrunk_ArmorLight_Item,100,50,,,,game/vanilla (no PhazeOut override),game/vanilla (no PhazeOut override)
Mechanic,ServiceBP_Repair_WW_DoorTrunk_Item,100,50,,,,game/vanilla (no PhazeOut override),game/vanilla (no PhazeOut override)
Mechanic,ServiceBP_Repair_WW_Door_ArmorHeavy_BackLeft_Item,100,50,,,,game/vanilla (no PhazeOut override),game/vanilla (no PhazeOut override)
Mechanic,ServiceBP_Repair_WW_Door_ArmorHeavy_BackRight_Item,100,50,,,,game/vanilla (no PhazeOut override),game/vanilla (no PhazeOut override)
Mechanic,ServiceBP_Repair_WW_Door_ArmorHeavy_FrontLeft_Item,100,50,,,,game/vanilla (no PhazeOut override),game/vanilla (no PhazeOut override)
Mechanic,ServiceBP_Repair_WW_Door_ArmorHeavy_FrontRight_Item,100,50,,,,game/vanilla (no PhazeOut override),game/vanilla (no PhazeOut override)
Mechanic,ServiceBP_Repair_WW_Door_ArmorLight_BackLeft_Item,100,50,,,,game/vanilla (no PhazeOut override),game/vanilla (no PhazeOut override)
Mechanic,ServiceBP_Repair_WW_Door_ArmorLight_BackRight_Item,100,50,,,,game/vanilla (no PhazeOut override),game/vanilla (no PhazeOut override)
Mechanic,ServiceBP_Repair_WW_Door_ArmorLight_FrontLeft_Item,100,50,,,,game/vanilla (no PhazeOut override),game/vanilla (no PhazeOut override)
Mechanic,ServiceBP_Repair_WW_Door_ArmorLight_FrontRight_Item,100,50,,,,game/vanilla (no PhazeOut override),game/vanilla (no PhazeOut override)
Mechanic,ServiceBP_Repair_WW_Door_BackLeft_Item,100,50,,,,game/vanilla (no PhazeOut override),game/vanilla (no PhazeOut override)
Mechanic,ServiceBP_Repair_WW_Door_BackRight_Item,100,50,,,,game/vanilla (no PhazeOut override),game/vanilla (no PhazeOut override)
Mechanic,ServiceBP_Repair_WW_Door_FrontLeft_Item,100,50,,,,game/vanilla (no PhazeOut override),game/vanilla (no PhazeOut override)
Mechanic,ServiceBP_Repair_WW_Door_FrontRight_Item,100,50,,,,game/vanilla (no PhazeOut override),game/vanilla (no PhazeOut override)
Mechanic,ServiceBP_Repair_WW_Engine_Alternator_Item,100,50,,,,game/vanilla (no PhazeOut override),game/vanilla (no PhazeOut override)
Mechanic,ServiceBP_Repair_WW_Lights_FrontLeft,185,33,,,,game/vanilla (no PhazeOut override),game/vanilla (no PhazeOut override)
Mechanic,ServiceBP_Repair_WW_Lights_FrontRight,185,33,,,,game/vanilla (no PhazeOut override),game/vanilla (no PhazeOut override)
Mechanic,ServiceBP_Repair_WW_Lights_RearLeft,185,33,,,,game/vanilla (no PhazeOut override),game/vanilla (no PhazeOut override)
Mechanic,ServiceBP_Repair_WW_Lights_RearRight,185,33,,,,game/vanilla (no PhazeOut override),game/vanilla (no PhazeOut override)
Mechanic,ServiceBP_Repair_WW_Seat_BackLeft_Item,100,50,,,,game/vanilla (no PhazeOut override),game/vanilla (no PhazeOut override)
Mechanic,ServiceBP_Repair_WW_Seat_BackRight_Item,100,50,,,,game/vanilla (no PhazeOut override),game/vanilla (no PhazeOut override)
Mechanic,ServiceBP_Repair_WW_Seat_FrontLeft_Item,100,50,,,,game/vanilla (no PhazeOut override),game/vanilla (no PhazeOut override)
Mechanic,ServiceBP_Repair_WW_Seat_FrontRight_Item,100,50,,,,game/vanilla (no PhazeOut override),game/vanilla (no PhazeOut override)
Mechanic,ServiceBP_Repair_WW_Wheel_ArmorLight_FrontLeft_Item,100,50,,,,game/vanilla (no PhazeOut override),game/vanilla (no PhazeOut override)
Mechanic,ServiceBP_Repair_WW_Wheel_ArmorLight_FrontRight_Item,100,50,,,,game/vanilla (no PhazeOut override),game/vanilla (no PhazeOut override)
Mechanic,ServiceBP_Repair_Wheel_155_R65_Item,100,50,,,,game/vanilla (no PhazeOut override),game/vanilla (no PhazeOut override)
Mechanic,ServiceBP_Repair_Wheel_205_80_R12_Item,185,33,,,,game/vanilla (no PhazeOut override),game/vanilla (no PhazeOut override)
Mechanic,ServiceBP_Repair_Wheel_255_55_R16_Item,100,50,,,,game/vanilla (no PhazeOut override),game/vanilla (no PhazeOut override)
Mechanic,ServiceBP_Repair_Wheel_265_60_R18_Item,100,50,,,,game/vanilla (no PhazeOut override),game/vanilla (no PhazeOut override)
Mechanic,ServiceBP_Repair_Wheel_6x16_Item,185,33,,,,game/vanilla (no PhazeOut override),game/vanilla (no PhazeOut override)
Mechanic,SidecarBike_Brakelight_Item,400,220,,,,game/vanilla (no PhazeOut override),game/vanilla (no PhazeOut override)
Mechanic,SidecarBike_Fender_Front_Item,550,303,,,,game/vanilla (no PhazeOut override),game/vanilla (no PhazeOut override)
Mechanic,SidecarBike_Fender_Rear_Item,550,303,,,,game/vanilla (no PhazeOut override),game/vanilla (no PhazeOut override)
Mechanic,SidecarBike_Fender_Sidecar_Item,550,303,,,,game/vanilla (no PhazeOut override),game/vanilla (no PhazeOut override)
Mechanic,SidecarBike_Headlight_Item,525,289,,,,game/vanilla (no PhazeOut override),game/vanilla (no PhazeOut override)
Mechanic,SidecarBike_Seat_Back_Item,700,385,,,,game/vanilla (no PhazeOut override),game/vanilla (no PhazeOut override)
Mechanic,SidecarBike_Seat_Front_Item,700,385,,,,game/vanilla (no PhazeOut override),game/vanilla (no PhazeOut override)
Mechanic,SidecarBike_Sidecar_Brakelight_Item,400,220,,,,game/vanilla (no PhazeOut override),game/vanilla (no PhazeOut override)
Mechanic,SidecarBike_Sidecar_Headlight_Item,525,289,,,,game/vanilla (no PhazeOut override),game/vanilla (no PhazeOut override)
Mechanic,SidecarBike_Sidecar_WeaponStation_Item,1700,936,,,,game/vanilla (no PhazeOut override),game/vanilla (no PhazeOut override)
Mechanic,SidecarBike_Wheel_4x16_Item,100,50,,,,game/vanilla (no PhazeOut override),game/vanilla (no PhazeOut override)
Mechanic,Small_Vehicle_StorageRack,1500,681,,,,game/vanilla (no PhazeOut override),game/vanilla (no PhazeOut override)
Mechanic,Tire_Repair_Kit,800,41,,,,game/vanilla (no PhazeOut override),game/vanilla (no PhazeOut override)
Mechanic,Tractor_Body_Left_ArmorHeavy_Item,1200,363,,,,game/vanilla (no PhazeOut override),game/vanilla (no PhazeOut override)
Mechanic,Tractor_Body_Left_Brakelight_Item,370,292,,,,game/vanilla (no PhazeOut override),game/vanilla (no PhazeOut override)
Mechanic,Tractor_Body_Left_Item,3500,1590,,,,game/vanilla (no PhazeOut override),game/vanilla (no PhazeOut override)
Mechanic,Tractor_Body_Right_ArmorHeavy_Item,1200,363,,,,game/vanilla (no PhazeOut override),game/vanilla (no PhazeOut override)
Mechanic,Tractor_Body_Right_Brakelight_Item,370,292,,,,game/vanilla (no PhazeOut override),game/vanilla (no PhazeOut override)
Mechanic,Tractor_Body_Right_Item,3500,1590,,,,game/vanilla (no PhazeOut override),game/vanilla (no PhazeOut override)
Mechanic,Tractor_Body_Top_ArmorHeavy_Back_Item,1200,363,,,,game/vanilla (no PhazeOut override),game/vanilla (no PhazeOut override)
Mechanic,Tractor_Body_Top_ArmorHeavy_Front_Item,1200,363,,,,game/vanilla (no PhazeOut override),game/vanilla (no PhazeOut override)
Mechanic,Tractor_Body_Top_ArmorHeavy_Left_Item,1200,363,,,,game/vanilla (no PhazeOut override),game/vanilla (no PhazeOut override)
Mechanic,Tractor_Body_Top_ArmorHeavy_Right_Item,1200,363,,,,game/vanilla (no PhazeOut override),game/vanilla (no PhazeOut override)
Mechanic,Tractor_Body_Top_Door_Left_Item,3500,1060,,,,game/vanilla (no PhazeOut override),game/vanilla (no PhazeOut override)
Mechanic,Tractor_Body_Top_Door_Right_Item,3500,1060,,,,game/vanilla (no PhazeOut override),game/vanilla (no PhazeOut override)
Mechanic,Tractor_Door_Hood_Headlight_Left_Item,370,292,,,,game/vanilla (no PhazeOut override),game/vanilla (no PhazeOut override)
Mechanic,Tractor_Door_Hood_Headlight_Right_Item,370,292,,,,game/vanilla (no PhazeOut override),game/vanilla (no PhazeOut override)
Mechanic,Tractor_Door_Hood_Item,3500,1060,,,,game/vanilla (no PhazeOut override),game/vanilla (no PhazeOut override)
Mechanic,Tractor_Door_Left_ArmorHeavy_Item,1200,363,,,,game/vanilla (no PhazeOut override),game/vanilla (no PhazeOut override)
Mechanic,Tractor_Door_Right_ArmorHeavy_Item,1200,363,,,,game/vanilla (no PhazeOut override),game/vanilla (no PhazeOut override)
Mechanic,Tractor_Engine_Alternator_Item,3500,1060,,,,game/vanilla (no PhazeOut override),game/vanilla (no PhazeOut override)
Mechanic,Tractor_Seat_Driver_Item,3500,1060,,,,game/vanilla (no PhazeOut override),game/vanilla (no PhazeOut override)
Mechanic,Tractor_WheelArmorHeavy_Front_Item,500,151,,,,game/vanilla (no PhazeOut override),game/vanilla (no PhazeOut override)
Mechanic,WW_Body_ArmorHeavy_Top_Item,1000,454,,,,game/vanilla (no PhazeOut override),game/vanilla (no PhazeOut override)
Mechanic,WW_Body_Back,3500,1414,,,,game/vanilla (no PhazeOut override),game/vanilla (no PhazeOut override)
Mechanic,WW_Body_Front,3500,1414,,,,game/vanilla (no PhazeOut override),game/vanilla (no PhazeOut override)
Mechanic,WW_Body_Left,3500,1414,,,,game/vanilla (no PhazeOut override),game/vanilla (no PhazeOut override)
Mechanic,WW_Body_Right,3500,1414,,,,game/vanilla (no PhazeOut override),game/vanilla (no PhazeOut override)
Mechanic,WW_Body_Top,3500,1414,,,,game/vanilla (no PhazeOut override),game/vanilla (no PhazeOut override)
Mechanic,WW_Bumper_Armor_Back_Item,300,136,,,,game/vanilla (no PhazeOut override),game/vanilla (no PhazeOut override)
Mechanic,WW_Bumper_Back_Item,400,181,,,,game/vanilla (no PhazeOut override),game/vanilla (no PhazeOut override)
Mechanic,WW_Bumper_Front_Item,400,181,,,,game/vanilla (no PhazeOut override),game/vanilla (no PhazeOut override)
Mechanic,WW_DoorHood_Item,1500,681,,,,game/vanilla (no PhazeOut override),game/vanilla (no PhazeOut override)
Mechanic,WW_DoorTrunk_ArmorHeavy_Item,1500,681,,,,game/vanilla (no PhazeOut override),game/vanilla (no PhazeOut override)
Mechanic,WW_DoorTrunk_ArmorLight_Item,1000,454,,,,game/vanilla (no PhazeOut override),game/vanilla (no PhazeOut override)
Mechanic,WW_DoorTrunk_Item,3000,1363,,,,game/vanilla (no PhazeOut override),game/vanilla (no PhazeOut override)
Mechanic,WW_Door_ArmorHeavy_BackLeft_Item,1000,454,,,,game/vanilla (no PhazeOut override),game/vanilla (no PhazeOut override)
Mechanic,WW_Door_ArmorHeavy_BackRight_Item,1000,454,,,,game/vanilla (no PhazeOut override),game/vanilla (no PhazeOut override)
Mechanic,WW_Door_ArmorHeavy_FrontLeft_Item,1000,454,,,,game/vanilla (no PhazeOut override),game/vanilla (no PhazeOut override)
Mechanic,WW_Door_ArmorHeavy_FrontRight_Item,1000,454,,,,game/vanilla (no PhazeOut override),game/vanilla (no PhazeOut override)
Mechanic,WW_Door_ArmorLight_BackLeft_Item,750,340,,,,game/vanilla (no PhazeOut override),game/vanilla (no PhazeOut override)
Mechanic,WW_Door_ArmorLight_BackRight_Item,750,340,,,,game/vanilla (no PhazeOut override),game/vanilla (no PhazeOut override)
Mechanic,WW_Door_ArmorLight_FrontLeft_Item,750,340,,,,game/vanilla (no PhazeOut override),game/vanilla (no PhazeOut override)
Mechanic,WW_Door_ArmorLight_FrontRight_Item,750,340,,,,game/vanilla (no PhazeOut override),game/vanilla (no PhazeOut override)
Mechanic,WW_Door_BackLeft_Item,1500,681,,,,game/vanilla (no PhazeOut override),game/vanilla (no PhazeOut override)
Mechanic,WW_Door_BackRight_Item,1500,681,,,,game/vanilla (no PhazeOut override),game/vanilla (no PhazeOut override)
Mechanic,WW_Door_FrontLeft_Item,1500,681,,,,game/vanilla (no PhazeOut override),game/vanilla (no PhazeOut override)
Mechanic,WW_Door_FrontRight_Item,1500,681,,,,game/vanilla (no PhazeOut override),game/vanilla (no PhazeOut override)
Mechanic,WW_Engine_Alternator_Item,2500,1136,,,,game/vanilla (no PhazeOut override),game/vanilla (no PhazeOut override)
Mechanic,WW_Lights_FrontLeft,370,292,,,,game/vanilla (no PhazeOut override),game/vanilla (no PhazeOut override)
Mechanic,WW_Lights_FrontRight,370,292,,,,game/vanilla (no PhazeOut override),game/vanilla (no PhazeOut override)
Mechanic,WW_Lights_RearLeft,370,292,,,,game/vanilla (no PhazeOut override),game/vanilla (no PhazeOut override)
Mechanic,WW_Lights_RearRight,370,292,,,,game/vanilla (no PhazeOut override),game/vanilla (no PhazeOut override)
Mechanic,WW_Seat_BackLeft_Item,1000,454,,,,game/vanilla (no PhazeOut override),game/vanilla (no PhazeOut override)
Mechanic,WW_Seat_BackRight_Item,1000,454,,,,game/vanilla (no PhazeOut override),game/vanilla (no PhazeOut override)
Mechanic,WW_Seat_FrontLeft_Item,1000,454,,,,game/vanilla (no PhazeOut override),game/vanilla (no PhazeOut override)
Mechanic,WW_Seat_FrontRight_Item,1000,454,,,,game/vanilla (no PhazeOut override),game/vanilla (no PhazeOut override)
Mechanic,WW_Wheel_ArmorLight_FrontLeft_Item,370,168,,,,game/vanilla (no PhazeOut override),game/vanilla (no PhazeOut override)
Mechanic,WW_Wheel_ArmorLight_FrontRight_Item,370,168,,,,game/vanilla (no PhazeOut override),game/vanilla (no PhazeOut override)
Mechanic,Wheel_155_R65_Item,1200,311,,,,game/vanilla (no PhazeOut override),game/vanilla (no PhazeOut override)
Mechanic,Wheel_205_80_R12_Item,1100,500,,,,game/vanilla (no PhazeOut override),game/vanilla (no PhazeOut override)
Mechanic,Wheel_255_55_R16_Item,1200,474,,,,game/vanilla (no PhazeOut override),game/vanilla (no PhazeOut override)
Mechanic,Wheel_265_60_R18_Item,1500,454,,,,game/vanilla (no PhazeOut override),game/vanilla (no PhazeOut override)
Mechanic,Wheel_6x16_Item,1100,500,,,,game/vanilla (no PhazeOut override),game/vanilla (no PhazeOut override)
Saloon,Absinthe,800,200,,,,game/vanilla (no PhazeOut override),game/vanilla (no PhazeOut override)
Saloon,Agaricus_Augustus,20,2,,,,game/vanilla (no PhazeOut override),game/vanilla (no PhazeOut override)
Saloon,Agaricus_Campestris,20,2,,,,game/vanilla (no PhazeOut override),game/vanilla (no PhazeOut override)
Saloon,Amanita_Muscaria,100,10,,,,game/vanilla (no PhazeOut override),game/vanilla (no PhazeOut override)
Saloon,Amanita_Pantherina,20,2,,,,game/vanilla (no PhazeOut override),game/vanilla (no PhazeOut override)
Saloon,Amanita_Phalloides,20,2,,,,game/vanilla (no PhazeOut override),game/vanilla (no PhazeOut override)
Saloon,Amanita_Virosa,20,2,,,,game/vanilla (no PhazeOut override),game/vanilla (no PhazeOut override)
Saloon,Armillaria_Mellea,20,2,,,,game/vanilla (no PhazeOut override),game/vanilla (no PhazeOut override)
Saloon,Beer,75,18,,,,game/vanilla (no PhazeOut override),game/vanilla (no PhazeOut override)
Saloon,Boletus_Edulis,75,7,,,,game/vanilla (no PhazeOut override),game/vanilla (no PhazeOut override)
Saloon,Can01,50,5,,,,game/vanilla (no PhazeOut override),game/vanilla (no PhazeOut override)
Saloon,Can02,50,5,,,,game/vanilla (no PhazeOut override),game/vanilla (no PhazeOut override)
Saloon,Can03,50,5,,,,game/vanilla (no PhazeOut override),game/vanilla (no PhazeOut override)
Saloon,Can04,50,5,,,,game/vanilla (no PhazeOut override),game/vanilla (no PhazeOut override)
Saloon,Cantharellus_Cibarius,20,2,,,,game/vanilla (no PhazeOut override),game/vanilla (no PhazeOut override)
Saloon,Coffee_Cup,10,6,,,,game/vanilla (no PhazeOut override),game/vanilla (no PhazeOut override)
Saloon,Coprinus_Comatus,100,10,,,,game/vanilla (no PhazeOut override),game/vanilla (no PhazeOut override)
Saloon,Energy_Drink_Red_Ghoul,150,15,,,,game/vanilla (no PhazeOut override),game/vanilla (no PhazeOut override)
Saloon,Fistula_Hepatica,20,2,,,,game/vanilla (no PhazeOut override),game/vanilla (no PhazeOut override)
Saloon,Ganoderma_Lucidum,20,2,,,,game/vanilla (no PhazeOut override),game/vanilla (no PhazeOut override)
Saloon,GlassBottle01,50,5,,,,game/vanilla (no PhazeOut override),game/vanilla (no PhazeOut override)
Saloon,GlassBottle02,50,5,,,,game/vanilla (no PhazeOut override),game/vanilla (no PhazeOut override)
Saloon,GlassBottle03,50,5,,,,game/vanilla (no PhazeOut override),game/vanilla (no PhazeOut override)
Saloon,GlassBottle04,50,5,,,,game/vanilla (no PhazeOut override),game/vanilla (no PhazeOut override)
Saloon,Honeycomb,100,10,,,,game/vanilla (no PhazeOut override),game/vanilla (no PhazeOut override)
Saloon,Kicmovaca,1000,250,,,,game/vanilla (no PhazeOut override),game/vanilla (no PhazeOut override)
Saloon,Lepiota_Procera,20,2,,,,game/vanilla (no PhazeOut override),game/vanilla (no PhazeOut override)
Saloon,Lycoperdon_Gigantea,50,5,,,,game/vanilla (no PhazeOut override),game/vanilla (no PhazeOut override)
Saloon,Opuntia_Fig,100,10,,,,game/vanilla (no PhazeOut override),game/vanilla (no PhazeOut override)
Saloon,PETBottle01,200,20,,,,game/vanilla (no PhazeOut override),game/vanilla (no PhazeOut override)
Saloon,PETBottle02,200,20,,,,game/vanilla (no PhazeOut override),game/vanilla (no PhazeOut override)
Saloon,PETBottle03,200,20,,,,game/vanilla (no PhazeOut override),game/vanilla (no PhazeOut override)
Saloon,PETBottle04,200,20,,,,game/vanilla (no PhazeOut override),game/vanilla (no PhazeOut override)
Saloon,Prisoner_Head_No_Teeth,100,20,,,,game/vanilla (no PhazeOut override),game/vanilla (no PhazeOut override)
Saloon,Prisoner_Left_Arm,50,10,,,,game/vanilla (no PhazeOut override),game/vanilla (no PhazeOut override)
Saloon,Prisoner_Left_Foot,50,10,,,,game/vanilla (no PhazeOut override),game/vanilla (no PhazeOut override)
Saloon,Prisoner_Left_Leg,50,10,,,,game/vanilla (no PhazeOut override),game/vanilla (no PhazeOut override)
Saloon,Prisoner_Right_Arm,50,10,,,,game/vanilla (no PhazeOut override),game/vanilla (no PhazeOut override)
Saloon,Prisoner_Right_Foot,50,10,,,,game/vanilla (no PhazeOut override),game/vanilla (no PhazeOut override)
Saloon,Prisoner_Right_Leg,50,10,,,,game/vanilla (no PhazeOut override),game/vanilla (no PhazeOut override)
Saloon,Prisoner_Torso,100,20,,,,game/vanilla (no PhazeOut override),game/vanilla (no PhazeOut override)
Saloon,Psilocybe_Cyanescens,20,2,,,,game/vanilla (no PhazeOut override),game/vanilla (no PhazeOut override)
Saloon,SCUMkin_Spice_Latte,100,25,,,,game/vanilla (no PhazeOut override),game/vanilla (no PhazeOut override)
Saloon,SaltGrain,1,0,,,,game/vanilla (no PhazeOut override),game/vanilla (no PhazeOut override)
Saloon,Scum_Sunrise,100,25,,,,game/vanilla (no PhazeOut override),game/vanilla (no PhazeOut override)
Saloon,Slav_Reviver,100,25,,,,game/vanilla (no PhazeOut override),game/vanilla (no PhazeOut override)
Saloon,Slavic_Gent,100,25,,,,game/vanilla (no PhazeOut override),game/vanilla (no PhazeOut override)
Saloon,Tequila,600,150,,,,game/vanilla (no PhazeOut override),game/vanilla (no PhazeOut override)
Saloon,The_Island_Special,100,25,,,,game/vanilla (no PhazeOut override),game/vanilla (no PhazeOut override)
Saloon,Vodka,600,150,,,,game/vanilla (no PhazeOut override),game/vanilla (no PhazeOut override)
Saloon,Water_05l,35,3,,,,game/vanilla (no PhazeOut override),game/vanilla (no PhazeOut override)
Saloon,Whiskey,600,150,,,,game/vanilla (no PhazeOut override),game/vanilla (no PhazeOut override)
Saloon,Wine,500,125,,,,game/vanilla (no PhazeOut override),game/vanilla (no PhazeOut override)
Trader,05_Teeth_Necklace,500,2,,,,game/vanilla (no PhazeOut override),game/vanilla (no PhazeOut override)
Trader,10_Teeth_Necklace,1000,4,,,,game/vanilla (no PhazeOut override),game/vanilla (no PhazeOut override)
Trader,15_Teeth_Necklace,1500,6,,,,game/vanilla (no PhazeOut override),game/vanilla (no PhazeOut override)
Trader,1H_Beam_Dildo,5500,1145,,,,game/vanilla (no PhazeOut override),game/vanilla (no PhazeOut override)
Trader,1H_Cleaver,550,229,,,,game/vanilla (no PhazeOut override),game/vanilla (no PhazeOut override)
Trader,1H_Crowbar,1100,458,,,,game/vanilla (no PhazeOut override),game/vanilla (no PhazeOut override)
Trader,1H_DannyMachete,7,3,,,,game/vanilla (no PhazeOut override),game/vanilla (no PhazeOut override)
Trader,1H_Dildo,1100,458,,,,game/vanilla (no PhazeOut override),game/vanilla (no PhazeOut override)
Trader,1H_Hatchet,330,1,,,,game/vanilla (no PhazeOut override),game/vanilla (no PhazeOut override)
Trader,1H_ImprovisedKnife,27,0,,,,game/vanilla (no PhazeOut override),game/vanilla (no PhazeOut override)
Trader,1H_Improvised_Hammer,330,1,,,,game/vanilla (no PhazeOut override),game/vanilla (no PhazeOut override)
Trader,1H_Improvised_metal_knife,110,22,,,,game/vanilla (no PhazeOut override),game/vanilla (no PhazeOut override)
Trader,1H_KitchenKnife,220,91,,,,game/vanilla (no PhazeOut override),game/vanilla (no PhazeOut override)
Trader,1H_KitchenKnife_02,110,45,,,,game/vanilla (no PhazeOut override),game/vanilla (no PhazeOut override)
Trader,1H_KitchenKnife_03,110,45,,,,game/vanilla (no PhazeOut override),game/vanilla (no PhazeOut override)
Trader,1H_KitchenKnife_04,110,45,,,,game/vanilla (no PhazeOut override),game/vanilla (no PhazeOut override)
Trader,1H_Little_Spade,165,68,,,,game/vanilla (no PhazeOut override),game/vanilla (no PhazeOut override)
Trader,1H_Metal_Pipe,55,22,,,,game/vanilla (no PhazeOut override),game/vanilla (no PhazeOut override)
Trader,1H_Pipe_Wrench,330,137,,,,game/vanilla (no PhazeOut override),game/vanilla (no PhazeOut override)
Trader,1H_RaymondCruz_Knife,7,3,,,,game/vanilla (no PhazeOut override),game/vanilla (no PhazeOut override)
Trader,1H_Scalpel,220,91,,,,game/vanilla (no PhazeOut override),game/vanilla (no PhazeOut override)
Trader,1H_Stone_Axe_Head,11,0,,,,game/vanilla (no PhazeOut override),game/vanilla (no PhazeOut override)
Trader,2H_Baseball_Bat,440,183,,,,game/vanilla (no PhazeOut override),game/vanilla (no PhazeOut override)
Trader,2H_Baseball_Bat_Blaze,2200,916,,,,game/vanilla (no PhazeOut override),game/vanilla (no PhazeOut override)
Trader,2H_Improvised_metal_shovel,110,0,,,,game/vanilla (no PhazeOut override),game/vanilla (no PhazeOut override)
Trader,2H_Improvised_shovel,88,0,,,,game/vanilla (no PhazeOut override),game/vanilla (no PhazeOut override)
Trader,2H_Industrial_Gardening_Hoe,660,146,,,,game/vanilla (no PhazeOut override),game/vanilla (no PhazeOut override)
Trader,2H_Metal_Baseball_Bat,1100,458,,,,game/vanilla (no PhazeOut override),game/vanilla (no PhazeOut override)
Trader,2H_Pickaxe,1100,458,,,,game/vanilla (no PhazeOut override),game/vanilla (no PhazeOut override)
Trader,2H_Pitchfork,880,366,,,,game/vanilla (no PhazeOut override),game/vanilla (no PhazeOut override)
Trader,2H_Pitchfork_Bent,880,366,,,,game/vanilla (no PhazeOut override),game/vanilla (no PhazeOut override)
Trader,2H_Shovel_01,165,68,,,,game/vanilla (no PhazeOut override),game/vanilla (no PhazeOut override)
Trader,2H_Shovel_02,220,91,,,,game/vanilla (no PhazeOut override),game/vanilla (no PhazeOut override)
Trader,2H_Stone_Axe,440,1,,,,game/vanilla (no PhazeOut override),game/vanilla (no PhazeOut override)
Trader,2H_Stone_Axe_Head,27,0,,,,game/vanilla (no PhazeOut override),game/vanilla (no PhazeOut override)
Trader,2_pieces_Ear_Necklace,400,1,,,,game/vanilla (no PhazeOut override),game/vanilla (no PhazeOut override)
Trader,4_pieces_Ear_Necklace,800,3,,,,game/vanilla (no PhazeOut override),game/vanilla (no PhazeOut override)
Trader,6_pieces_Ear_Necklace,1200,5,,,,game/vanilla (no PhazeOut override),game/vanilla (no PhazeOut override)
Trader,African_Biltong,300,104,,,,game/vanilla (no PhazeOut override),game/vanilla (no PhazeOut override)
Trader,Air_Pump,500,104,,,,game/vanilla (no PhazeOut override),game/vanilla (no PhazeOut override)
Trader,Aloe_Vera,20,2,,,,game/vanilla (no PhazeOut override),game/vanilla (no PhazeOut override)
Trader,Apple,40,4,,,,game/vanilla (no PhazeOut override),game/vanilla (no PhazeOut override)
Trader,Apple_2,40,4,,,,game/vanilla (no PhazeOut override),game/vanilla (no PhazeOut override)
Trader,Apple_Seed_Bag,165,36,,,,game/vanilla (no PhazeOut override),game/vanilla (no PhazeOut override)
Trader,BCULock_Item,10000,2083,,,,game/vanilla (no PhazeOut override),game/vanilla (no PhazeOut override)
Trader,BCU_Chip,1000,2,,,,game/vanilla (no PhazeOut override),game/vanilla (no PhazeOut override)
Trader,BP_HeadLamp,1100,366,,,,game/vanilla (no PhazeOut override),game/vanilla (no PhazeOut override)
Trader,BabyFood,300,78,,,,game/vanilla (no PhazeOut override),game/vanilla (no PhazeOut override)
Trader,Backpack_02_01,600,200,,,,game/vanilla (no PhazeOut override),game/vanilla (no PhazeOut override)
Trader,Backpack_02_02,600,200,,,,game/vanilla (no PhazeOut override),game/vanilla (no PhazeOut override)
Trader,Backpack_02_03,600,200,,,,game/vanilla (no PhazeOut override),game/vanilla (no PhazeOut override)
Trader,Backpack_02_04,600,200,,,,game/vanilla (no PhazeOut override),game/vanilla (no PhazeOut override)
Trader,Backpack_02_05,600,200,,,,game/vanilla (no PhazeOut override),game/vanilla (no PhazeOut override)
Trader,Bag_of_Almonds,100,20,,,,game/vanilla (no PhazeOut override),game/vanilla (no PhazeOut override)
Trader,BakedBeans,400,208,,,,game/vanilla (no PhazeOut override),game/vanilla (no PhazeOut override)
Trader,BakingSoda,100,15,,,,game/vanilla (no PhazeOut override),game/vanilla (no PhazeOut override)
Trader,Bamboo_Hat_01,110,36,,,,game/vanilla (no PhazeOut override),game/vanilla (no PhazeOut override)
Trader,Bamboo_Hat_02,110,36,,,,game/vanilla (no PhazeOut override),game/vanilla (no PhazeOut override)
Trader,Banana,40,20,,,,game/vanilla (no PhazeOut override),game/vanilla (no PhazeOut override)
Trader,Banjo,2000,208,,,,game/vanilla (no PhazeOut override),game/vanilla (no PhazeOut override)
Trader,BarbedSpikeTrap,550,1,,,,game/vanilla (no PhazeOut override),game/vanilla (no PhazeOut override)
Trader,Barbed_Wire,300,62,,,,game/vanilla (no PhazeOut override),game/vanilla (no PhazeOut override)
Trader,Barberry,20,20,,,,game/vanilla (no PhazeOut override),game/vanilla (no PhazeOut override)
Trader,BaseExpansionKit_Lvl1,27200,9066,,,,game/vanilla (no PhazeOut override),game/vanilla (no PhazeOut override)
Trader,BaseExpansionKit_Lvl2,45400,15133,,,,game/vanilla (no PhazeOut override),game/vanilla (no PhazeOut override)
Trader,Baseball_Cap_01,110,36,,,,game/vanilla (no PhazeOut override),game/vanilla (no PhazeOut override)
Trader,Baseball_Cap_02,110,36,,,,game/vanilla (no PhazeOut override),game/vanilla (no PhazeOut override)
Trader,Baseball_Cap_03,110,36,,,,game/vanilla (no PhazeOut override),game/vanilla (no PhazeOut override)
Trader,Baseball_Cap_04,110,36,,,,game/vanilla (no PhazeOut override),game/vanilla (no PhazeOut override)
Trader,Baseball_Cap_05,110,36,,,,game/vanilla (no PhazeOut override),game/vanilla (no PhazeOut override)
Trader,Baseball_Cap_06,110,36,,,,game/vanilla (no PhazeOut override),game/vanilla (no PhazeOut override)
Trader,Baseball_Cap_07,110,36,,,,game/vanilla (no PhazeOut override),game/vanilla (no PhazeOut override)
Trader,Baseball_Cap_08,110,36,,,,game/vanilla (no PhazeOut override),game/vanilla (no PhazeOut override)
Trader,Baseball_Cap_09,110,36,,,,game/vanilla (no PhazeOut override),game/vanilla (no PhazeOut override)
Trader,Baseball_Cap_10,110,36,,,,game/vanilla (no PhazeOut override),game/vanilla (no PhazeOut override)
Trader,Baseball_Cap_11,550,183,,,,game/vanilla (no PhazeOut override),game/vanilla (no PhazeOut override)
Trader,Baseball_Cap_12,550,183,,,,game/vanilla (no PhazeOut override),game/vanilla (no PhazeOut override)
Trader,Baseball_Cap_13,550,183,,,,game/vanilla (no PhazeOut override),game/vanilla (no PhazeOut override)
Trader,Batteries,100,20,,,,game/vanilla (no PhazeOut override),game/vanilla (no PhazeOut override)
Trader,Battery_Charger_Large,100,520,,,,game/vanilla (no PhazeOut override),game/vanilla (no PhazeOut override)
Trader,Battery_Charger_Medium,100,208,,,,game/vanilla (no PhazeOut override),game/vanilla (no PhazeOut override)
Trader,Battery_Charger_Small,100,104,,,,game/vanilla (no PhazeOut override),game/vanilla (no PhazeOut override)
Trader,Bear_Pow_01,300,100,,,,game/vanilla (no PhazeOut override),game/vanilla (no PhazeOut override)
Trader,Bedroll,1000,260,,,,game/vanilla (no PhazeOut override),game/vanilla (no PhazeOut override)
Trader,BeefRavioli,400,208,,,,game/vanilla (no PhazeOut override),game/vanilla (no PhazeOut override)
Trader,BeefStew,500,260,,,,game/vanilla (no PhazeOut override),game/vanilla (no PhazeOut override)
Trader,Beenie_01,110,36,,,,game/vanilla (no PhazeOut override),game/vanilla (no PhazeOut override)
Trader,Beenie_02,110,36,,,,game/vanilla (no PhazeOut override),game/vanilla (no PhazeOut override)
Trader,Beenie_03,110,36,,,,game/vanilla (no PhazeOut override),game/vanilla (no PhazeOut override)
Trader,Beenie_04,110,36,,,,game/vanilla (no PhazeOut override),game/vanilla (no PhazeOut override)
Trader,Beenie_05,110,36,,,,game/vanilla (no PhazeOut override),game/vanilla (no PhazeOut override)
Trader,Beenie_06,110,36,,,,game/vanilla (no PhazeOut override),game/vanilla (no PhazeOut override)
Trader,Beenie_07,110,36,,,,game/vanilla (no PhazeOut override),game/vanilla (no PhazeOut override)
Trader,Beenie_08,110,36,,,,game/vanilla (no PhazeOut override),game/vanilla (no PhazeOut override)
Trader,Beenie_09,110,36,,,,game/vanilla (no PhazeOut override),game/vanilla (no PhazeOut override)
Trader,Beet,30,20,,,,game/vanilla (no PhazeOut override),game/vanilla (no PhazeOut override)
Trader,Beijing_Shoes_01,600,200,,,,game/vanilla (no PhazeOut override),game/vanilla (no PhazeOut override)
Trader,Beijing_Shoes_02,600,200,,,,game/vanilla (no PhazeOut override),game/vanilla (no PhazeOut override)
Trader,Beijing_Shoes_03,600,200,,,,game/vanilla (no PhazeOut override),game/vanilla (no PhazeOut override)
Trader,Beijing_Shoes_04,600,200,,,,game/vanilla (no PhazeOut override),game/vanilla (no PhazeOut override)
Trader,Bell_Pepper,30,22,,,,game/vanilla (no PhazeOut override),game/vanilla (no PhazeOut override)
Trader,Binoculars,2000,104,,,,game/vanilla (no PhazeOut override),game/vanilla (no PhazeOut override)
Trader,Birthday_Cap_01,110,3,,,,game/vanilla (no PhazeOut override),game/vanilla (no PhazeOut override)
Trader,BlackOlives,300,104,,,,game/vanilla (no PhazeOut override),game/vanilla (no PhazeOut override)
Trader,BlackPepper,150,15,,,,game/vanilla (no PhazeOut override),game/vanilla (no PhazeOut override)
Trader,Blackberry,20,20,,,,game/vanilla (no PhazeOut override),game/vanilla (no PhazeOut override)
Trader,Blueberries,20,20,,,,game/vanilla (no PhazeOut override),game/vanilla (no PhazeOut override)
Trader,Boar_Head_Hat_01,550,183,,,,game/vanilla (no PhazeOut override),game/vanilla (no PhazeOut override)
Trader,Bobby_Pin_Package,50,2,,,,game/vanilla (no PhazeOut override),game/vanilla (no PhazeOut override)
Trader,Bobby_pin,2,0,,,,game/vanilla (no PhazeOut override),game/vanilla (no PhazeOut override)
Trader,Bolts,10,1,,,,game/vanilla (no PhazeOut override),game/vanilla (no PhazeOut override)
Trader,Bolts_Package_Box,200,16,,,,game/vanilla (no PhazeOut override),game/vanilla (no PhazeOut override)
Trader,Bone_Needle,22,4,,,,game/vanilla (no PhazeOut override),game/vanilla (no PhazeOut override)
Trader,Book_Cooking_BBQ,100,83,,,,game/vanilla (no PhazeOut override),game/vanilla (no PhazeOut override)
Trader,Book_Cooking_Cake,100,83,,,,game/vanilla (no PhazeOut override),game/vanilla (no PhazeOut override)
Trader,Book_Cooking_Casseroles,100,83,,,,game/vanilla (no PhazeOut override),game/vanilla (no PhazeOut override)
Trader,Book_Cooking_Drinks,100,83,,,,game/vanilla (no PhazeOut override),game/vanilla (no PhazeOut override)
Trader,Book_Cooking_Pasta,100,83,,,,game/vanilla (no PhazeOut override),game/vanilla (no PhazeOut override)
Trader,Book_Cooking_Pizza,100,83,,,,game/vanilla (no PhazeOut override),game/vanilla (no PhazeOut override)
Trader,Book_Cooking_Rice,100,83,,,,game/vanilla (no PhazeOut override),game/vanilla (no PhazeOut override)
Trader,Book_Cooking_Soup,100,83,,,,game/vanilla (no PhazeOut override),game/vanilla (no PhazeOut override)
Trader,Book_Cooking_Stew,100,83,,,,game/vanilla (no PhazeOut override),game/vanilla (no PhazeOut override)
Trader,BoomBox_01,800,166,,,,game/vanilla (no PhazeOut override),game/vanilla (no PhazeOut override)
Trader,Boonie_Hat_01,220,73,,,,game/vanilla (no PhazeOut override),game/vanilla (no PhazeOut override)
Trader,Boonie_Hat_02,220,73,,,,game/vanilla (no PhazeOut override),game/vanilla (no PhazeOut override)
Trader,Boonie_Hat_03,220,73,,,,game/vanilla (no PhazeOut override),game/vanilla (no PhazeOut override)
Trader,Boonie_Hat_04,220,73,,,,game/vanilla (no PhazeOut override),game/vanilla (no PhazeOut override)
Trader,Boonie_Hat_05,220,73,,,,game/vanilla (no PhazeOut override),game/vanilla (no PhazeOut override)
Trader,Boonie_Hat_06,220,73,,,,game/vanilla (no PhazeOut override),game/vanilla (no PhazeOut override)
Trader,Boots_06_01,600,200,,,,game/vanilla (no PhazeOut override),game/vanilla (no PhazeOut override)
Trader,Boots_06_02,600,200,,,,game/vanilla (no PhazeOut override),game/vanilla (no PhazeOut override)
Trader,Boots_07_01,200,66,,,,game/vanilla (no PhazeOut override),game/vanilla (no PhazeOut override)
Trader,Boots_07_02,200,66,,,,game/vanilla (no PhazeOut override),game/vanilla (no PhazeOut override)
Trader,Boots_07_03,200,66,,,,game/vanilla (no PhazeOut override),game/vanilla (no PhazeOut override)
Trader,Boxer_Briefs_01,50,16,,,,game/vanilla (no PhazeOut override),game/vanilla (no PhazeOut override)
Trader,Brick,55,0,,,,game/vanilla (no PhazeOut override),game/vanilla (no PhazeOut override)
Trader,Broccoli,40,20,,,,game/vanilla (no PhazeOut override),game/vanilla (no PhazeOut override)
Trader,Broccoli_Seed_Bag,165,36,,,,game/vanilla (no PhazeOut override),game/vanilla (no PhazeOut override)
Trader,Bundle_Of_Bobby_Pins,40,3,,,,game/vanilla (no PhazeOut override),game/vanilla (no PhazeOut override)
Trader,Bundle_Of_Bricks,550,1,,,,game/vanilla (no PhazeOut override),game/vanilla (no PhazeOut override)
Trader,Bundle_Of_Improvised_Lockpicks,2,0,,,,game/vanilla (no PhazeOut override),game/vanilla (no PhazeOut override)
Trader,Bundle_Of_Lockpicks,660,146,,,,game/vanilla (no PhazeOut override),game/vanilla (no PhazeOut override)
Trader,Bundle_Of_Metal_Tips,16,0,,,,game/vanilla (no PhazeOut override),game/vanilla (no PhazeOut override)
Trader,Bundle_Of_Rags,110,2,,,,game/vanilla (no PhazeOut override),game/vanilla (no PhazeOut override)
Trader,Bundle_Of_Safety_Pins,40,4,,,,game/vanilla (no PhazeOut override),game/vanilla (no PhazeOut override)
Trader,Bundle_Of_Stone_Tips,13,0,,,,game/vanilla (no PhazeOut override),game/vanilla (no PhazeOut override)
Trader,Bundle_Rag_Stripes,55,1,,,,game/vanilla (no PhazeOut override),game/vanilla (no PhazeOut override)
Trader,Bundle_Wooden_Plank,220,3,,,,game/vanilla (no PhazeOut override),game/vanilla (no PhazeOut override)
Trader,Bunny_Slippers,50,16,,,,game/vanilla (no PhazeOut override),game/vanilla (no PhazeOut override)
Trader,Butter,100,10,,,,game/vanilla (no PhazeOut override),game/vanilla (no PhazeOut override)
Trader,Cabbage,70,12,,,,game/vanilla (no PhazeOut override),game/vanilla (no PhazeOut override)
Trader,Cabbage_Seed_Bag,165,36,,,,game/vanilla (no PhazeOut override),game/vanilla (no PhazeOut override)
Trader,Camera_Lens,800,83,,,,game/vanilla (no PhazeOut override),game/vanilla (no PhazeOut override)
Trader,CanOpener,50,10,,,,game/vanilla (no PhazeOut override),game/vanilla (no PhazeOut override)
Trader,Candle_01,20,4,,,,game/vanilla (no PhazeOut override),game/vanilla (no PhazeOut override)
Trader,CandyCorn_01,100,13,,,,game/vanilla (no PhazeOut override),game/vanilla (no PhazeOut override)
Trader,Candy_Bob,500,65,,,,game/vanilla (no PhazeOut override),game/vanilla (no PhazeOut override)
Trader,Cannabis_Seed_Bag,165,36,,,,game/vanilla (no PhazeOut override),game/vanilla (no PhazeOut override)
Trader,CannedCatfood,150,31,,,,game/vanilla (no PhazeOut override),game/vanilla (no PhazeOut override)
Trader,CannedDogFood,150,31,,,,game/vanilla (no PhazeOut override),game/vanilla (no PhazeOut override)
Trader,CannedFruitCocktail,400,208,,,,game/vanilla (no PhazeOut override),game/vanilla (no PhazeOut override)
Trader,CannedGoulash,500,260,,,,game/vanilla (no PhazeOut override),game/vanilla (no PhazeOut override)
Trader,CannedPeach,400,208,,,,game/vanilla (no PhazeOut override),game/vanilla (no PhazeOut override)
Trader,CannedPear,400,208,,,,game/vanilla (no PhazeOut override),game/vanilla (no PhazeOut override)
Trader,CannedPeas,400,208,,,,game/vanilla (no PhazeOut override),game/vanilla (no PhazeOut override)
Trader,CannedSardine,300,39,,,,game/vanilla (no PhazeOut override),game/vanilla (no PhazeOut override)
Trader,CannedSeafoodMix,300,62,,,,game/vanilla (no PhazeOut override),game/vanilla (no PhazeOut override)
Trader,CannedSpaghetti,500,260,,,,game/vanilla (no PhazeOut override),game/vanilla (no PhazeOut override)
Trader,Canned_Corn,400,104,,,,game/vanilla (no PhazeOut override),game/vanilla (no PhazeOut override)
Trader,Canned_Tuna,300,78,,,,game/vanilla (no PhazeOut override),game/vanilla (no PhazeOut override)
Trader,CantaloupeMelon,60,19,,,,game/vanilla (no PhazeOut override),game/vanilla (no PhazeOut override)
Trader,CantaloupeMelon_Seed_Bag,100,50,,,,game/vanilla (no PhazeOut override),game/vanilla (no PhazeOut override)
Trader,CantaloupeMelon_Slice,10,1,,,,game/vanilla (no PhazeOut override),game/vanilla (no PhazeOut override)
Trader,Canteen,300,31,,,,game/vanilla (no PhazeOut override),game/vanilla (no PhazeOut override)
Trader,Carrot,40,20,,,,game/vanilla (no PhazeOut override),game/vanilla (no PhazeOut override)
Trader,Carrot_Seed_Bag,165,36,,,,game/vanilla (no PhazeOut override),game/vanilla (no PhazeOut override)
Trader,Cauliflower,200,23,,,,game/vanilla (no PhazeOut override),game/vanilla (no PhazeOut override)
Trader,Celery,30,16,,,,game/vanilla (no PhazeOut override),game/vanilla (no PhazeOut override)
Trader,CementBag,440,97,,,,game/vanilla (no PhazeOut override),game/vanilla (no PhazeOut override)
Trader,Cereal_BunnyStars,150,19,,,,game/vanilla (no PhazeOut override),game/vanilla (no PhazeOut override)
Trader,Cereal_UpNGo,100,20,,,,game/vanilla (no PhazeOut override),game/vanilla (no PhazeOut override)
Trader,Chainsaw,3300,1375,,,,game/vanilla (no PhazeOut override),game/vanilla (no PhazeOut override)
Trader,Cheese,150,16,,,,game/vanilla (no PhazeOut override),game/vanilla (no PhazeOut override)
Trader,CheesePacked,150,17,,,,game/vanilla (no PhazeOut override),game/vanilla (no PhazeOut override)
Trader,Cherry_Seed_Bag,165,36,,,,game/vanilla (no PhazeOut override),game/vanilla (no PhazeOut override)
Trader,Chili_Pepper,30,25,,,,game/vanilla (no PhazeOut override),game/vanilla (no PhazeOut override)
Trader,Chillipepper_Seed_Bag,165,36,,,,game/vanilla (no PhazeOut override),game/vanilla (no PhazeOut override)
Trader,Chips,200,26,,,,game/vanilla (no PhazeOut override),game/vanilla (no PhazeOut override)
Trader,Chips2,200,26,,,,game/vanilla (no PhazeOut override),game/vanilla (no PhazeOut override)
Trader,Chips3,200,26,,,,game/vanilla (no PhazeOut override),game/vanilla (no PhazeOut override)
Trader,Chips4,200,26,,,,game/vanilla (no PhazeOut override),game/vanilla (no PhazeOut override)
Trader,ChocolateCandy_01,150,26,,,,game/vanilla (no PhazeOut override),game/vanilla (no PhazeOut override)
Trader,ChocolateCandy_03,100,14,,,,game/vanilla (no PhazeOut override),game/vanilla (no PhazeOut override)
Trader,ChocolateCandy_04,150,26,,,,game/vanilla (no PhazeOut override),game/vanilla (no PhazeOut override)
Trader,ChocolateCandy_05,150,26,,,,game/vanilla (no PhazeOut override),game/vanilla (no PhazeOut override)
Trader,ChocolateCandy_06,150,26,,,,game/vanilla (no PhazeOut override),game/vanilla (no PhazeOut override)
Trader,ChocolateCandy_07,150,26,,,,game/vanilla (no PhazeOut override),game/vanilla (no PhazeOut override)
Trader,ChocolateCandy_08,150,26,,,,game/vanilla (no PhazeOut override),game/vanilla (no PhazeOut override)
Trader,ChocolateCandy_09,150,26,,,,game/vanilla (no PhazeOut override),game/vanilla (no PhazeOut override)
Trader,ChocolateCandy_10,150,26,,,,game/vanilla (no PhazeOut override),game/vanilla (no PhazeOut override)
Trader,ChocolateCandy_11,150,26,,,,game/vanilla (no PhazeOut override),game/vanilla (no PhazeOut override)
Trader,Chow_Mein,400,208,,,,game/vanilla (no PhazeOut override),game/vanilla (no PhazeOut override)
Trader,Christmas_Ball_01,100,20,,,,game/vanilla (no PhazeOut override),game/vanilla (no PhazeOut override)
Trader,Christmas_Ball_02,100,20,,,,game/vanilla (no PhazeOut override),game/vanilla (no PhazeOut override)
Trader,Christmas_Ball_03,100,20,,,,game/vanilla (no PhazeOut override),game/vanilla (no PhazeOut override)
Trader,Christmas_Ball_04,100,20,,,,game/vanilla (no PhazeOut override),game/vanilla (no PhazeOut override)
Trader,Christmas_Ball_05,100,20,,,,game/vanilla (no PhazeOut override),game/vanilla (no PhazeOut override)
Trader,Christmas_Ball_06,100,20,,,,game/vanilla (no PhazeOut override),game/vanilla (no PhazeOut override)
Trader,Christmas_Beanie_02,110,36,,,,game/vanilla (no PhazeOut override),game/vanilla (no PhazeOut override)
Trader,Christmas_Box,40,8,,,,game/vanilla (no PhazeOut override),game/vanilla (no PhazeOut override)
Trader,Christmas_Decoration,500,104,,,,game/vanilla (no PhazeOut override),game/vanilla (no PhazeOut override)
Trader,Christmas_Headband_01,110,36,,,,game/vanilla (no PhazeOut override),game/vanilla (no PhazeOut override)
Trader,Christmas_Pants_01,165,55,,,,game/vanilla (no PhazeOut override),game/vanilla (no PhazeOut override)
Trader,Christmas_Pants_02,165,55,,,,game/vanilla (no PhazeOut override),game/vanilla (no PhazeOut override)
Trader,Christmas_Paper_01,50,10,,,,game/vanilla (no PhazeOut override),game/vanilla (no PhazeOut override)
Trader,Christmas_Paper_02,50,10,,,,game/vanilla (no PhazeOut override),game/vanilla (no PhazeOut override)
Trader,Christmas_Paper_03,50,10,,,,game/vanilla (no PhazeOut override),game/vanilla (no PhazeOut override)
Trader,Christmas_Present_01,100,10,,,,game/vanilla (no PhazeOut override),game/vanilla (no PhazeOut override)
Trader,Christmas_Present_02,200,20,,,,game/vanilla (no PhazeOut override),game/vanilla (no PhazeOut override)
Trader,Christmas_Present_03,300,31,,,,game/vanilla (no PhazeOut override),game/vanilla (no PhazeOut override)
Trader,Christmas_Slippers,50,16,,,,game/vanilla (no PhazeOut override),game/vanilla (no PhazeOut override)
Trader,Christmas_Vest_01,220,73,,,,game/vanilla (no PhazeOut override),game/vanilla (no PhazeOut override)
Trader,Christmas_tree,110,24,,,,game/vanilla (no PhazeOut override),game/vanilla (no PhazeOut override)
Trader,Christmas_tree_Decorated,1500,312,,,,game/vanilla (no PhazeOut override),game/vanilla (no PhazeOut override)
Trader,Cigarettes,200,83,,,,game/vanilla (no PhazeOut override),game/vanilla (no PhazeOut override)
Trader,Cigarettes1,250,104,,,,game/vanilla (no PhazeOut override),game/vanilla (no PhazeOut override)
Trader,Classic_Shirt_01,110,36,,,,game/vanilla (no PhazeOut override),game/vanilla (no PhazeOut override)
Trader,Classic_Shirt_02,110,36,,,,game/vanilla (no PhazeOut override),game/vanilla (no PhazeOut override)
Trader,CoalBag,300,62,,,,game/vanilla (no PhazeOut override),game/vanilla (no PhazeOut override)
Trader,Coal_01,110,2,,,,game/vanilla (no PhazeOut override),game/vanilla (no PhazeOut override)
Trader,Cocoa_Powder,200,26,,,,game/vanilla (no PhazeOut override),game/vanilla (no PhazeOut override)
Trader,Coconut,80,20,,,,game/vanilla (no PhazeOut override),game/vanilla (no PhazeOut override)
Trader,Coffee,200,20,,,,game/vanilla (no PhazeOut override),game/vanilla (no PhazeOut override)
Trader,College_Jacket_01,440,146,,,,game/vanilla (no PhazeOut override),game/vanilla (no PhazeOut override)
Trader,College_Jacket_02,440,146,,,,game/vanilla (no PhazeOut override),game/vanilla (no PhazeOut override)
Trader,College_Jacket_03,440,146,,,,game/vanilla (no PhazeOut override),game/vanilla (no PhazeOut override)
Trader,College_Jacket_04,440,146,,,,game/vanilla (no PhazeOut override),game/vanilla (no PhazeOut override)
Trader,College_Jacket_05,440,146,,,,game/vanilla (no PhazeOut override),game/vanilla (no PhazeOut override)
Trader,College_Jacket_06,440,146,,,,game/vanilla (no PhazeOut override),game/vanilla (no PhazeOut override)
Trader,College_Jacket_07,440,146,,,,game/vanilla (no PhazeOut override),game/vanilla (no PhazeOut override)
Trader,College_Jacket_08,440,146,,,,game/vanilla (no PhazeOut override),game/vanilla (no PhazeOut override)
Trader,ColorCan_AmberYellow,150,15,,,,game/vanilla (no PhazeOut override),game/vanilla (no PhazeOut override)
Trader,ColorCan_BaronBrown,150,15,,,,game/vanilla (no PhazeOut override),game/vanilla (no PhazeOut override)
Trader,ColorCan_Black,150,15,,,,game/vanilla (no PhazeOut override),game/vanilla (no PhazeOut override)
Trader,ColorCan_CherryRed,150,15,,,,game/vanilla (no PhazeOut override),game/vanilla (no PhazeOut override)
Trader,ColorCan_ColdCyan,150,15,,,,game/vanilla (no PhazeOut override),game/vanilla (no PhazeOut override)
Trader,ColorCan_ColdGrey,150,15,,,,game/vanilla (no PhazeOut override),game/vanilla (no PhazeOut override)
Trader,ColorCan_CottonCandy,150,15,,,,game/vanilla (no PhazeOut override),game/vanilla (no PhazeOut override)
Trader,ColorCan_DarkBrown,150,15,,,,game/vanilla (no PhazeOut override),game/vanilla (no PhazeOut override)
Trader,ColorCan_DarkGreen,150,15,,,,game/vanilla (no PhazeOut override),game/vanilla (no PhazeOut override)
Trader,ColorCan_DarkGrey,150,15,,,,game/vanilla (no PhazeOut override),game/vanilla (no PhazeOut override)
Trader,ColorCan_DarkUrban,150,15,,,,game/vanilla (no PhazeOut override),game/vanilla (no PhazeOut override)
Trader,ColorCan_DeepOrange,150,15,,,,game/vanilla (no PhazeOut override),game/vanilla (no PhazeOut override)
Trader,ColorCan_EarthGreen,150,15,,,,game/vanilla (no PhazeOut override),game/vanilla (no PhazeOut override)
Trader,ColorCan_EarthGrey,150,15,,,,game/vanilla (no PhazeOut override),game/vanilla (no PhazeOut override)
Trader,ColorCan_EarthRed,150,15,,,,game/vanilla (no PhazeOut override),game/vanilla (no PhazeOut override)
Trader,ColorCan_EarthYellow,150,15,,,,game/vanilla (no PhazeOut override),game/vanilla (no PhazeOut override)
Trader,ColorCan_FireEngineRed,150,15,,,,game/vanilla (no PhazeOut override),game/vanilla (no PhazeOut override)
Trader,ColorCan_FlatBrown,150,15,,,,game/vanilla (no PhazeOut override),game/vanilla (no PhazeOut override)
Trader,ColorCan_FlatGrey,150,15,,,,game/vanilla (no PhazeOut override),game/vanilla (no PhazeOut override)
Trader,ColorCan_FlatWhite,150,15,,,,game/vanilla (no PhazeOut override),game/vanilla (no PhazeOut override)
Trader,ColorCan_ForestGreen,150,15,,,,game/vanilla (no PhazeOut override),game/vanilla (no PhazeOut override)
Trader,ColorCan_GalaxyBlue,150,15,,,,game/vanilla (no PhazeOut override),game/vanilla (no PhazeOut override)
Trader,ColorCan_GalaxyGrey,150,15,,,,game/vanilla (no PhazeOut override),game/vanilla (no PhazeOut override)
Trader,ColorCan_HazyPurple,150,15,,,,game/vanilla (no PhazeOut override),game/vanilla (no PhazeOut override)
Trader,ColorCan_LightBrown,150,15,,,,game/vanilla (no PhazeOut override),game/vanilla (no PhazeOut override)
Trader,ColorCan_LightUrban,150,15,,,,game/vanilla (no PhazeOut override),game/vanilla (no PhazeOut override)
Trader,ColorCan_LimeGreen,150,15,,,,game/vanilla (no PhazeOut override),game/vanilla (no PhazeOut override)
Trader,ColorCan_NavyBlue,150,15,,,,game/vanilla (no PhazeOut override),game/vanilla (no PhazeOut override)
Trader,ColorCan_NavyGrey,150,15,,,,game/vanilla (no PhazeOut override),game/vanilla (no PhazeOut override)
Trader,ColorCan_PoliceBlue,150,15,,,,game/vanilla (no PhazeOut override),game/vanilla (no PhazeOut override)
Trader,ColorCan_RedChocolate,150,15,,,,game/vanilla (no PhazeOut override),game/vanilla (no PhazeOut override)
Trader,ColorCan_SnowWhite,150,15,,,,game/vanilla (no PhazeOut override),game/vanilla (no PhazeOut override)
Trader,ColorCan_VelvetBrown,150,15,,,,game/vanilla (no PhazeOut override),game/vanilla (no PhazeOut override)
Trader,ColorCan_WarmGrey,150,15,,,,game/vanilla (no PhazeOut override),game/vanilla (no PhazeOut override)
Trader,Compass_Basic,2000,208,,,,game/vanilla (no PhazeOut override),game/vanilla (no PhazeOut override)
Trader,Compass_Primitive,400,16,,,,game/vanilla (no PhazeOut override),game/vanilla (no PhazeOut override)
Trader,Construction_Earmuffs_01,220,73,,,,game/vanilla (no PhazeOut override),game/vanilla (no PhazeOut override)
Trader,Construction_Earmuffs_02,220,73,,,,game/vanilla (no PhazeOut override),game/vanilla (no PhazeOut override)
Trader,Construction_Earmuffs_03,220,73,,,,game/vanilla (no PhazeOut override),game/vanilla (no PhazeOut override)
Trader,Construction_Earmuffs_04,220,73,,,,game/vanilla (no PhazeOut override),game/vanilla (no PhazeOut override)
Trader,Construction_Gloves_01_01,50,16,,,,game/vanilla (no PhazeOut override),game/vanilla (no PhazeOut override)
Trader,Construction_Gloves_01_02,50,16,,,,game/vanilla (no PhazeOut override),game/vanilla (no PhazeOut override)
Trader,Construction_Gloves_01_03,50,16,,,,game/vanilla (no PhazeOut override),game/vanilla (no PhazeOut override)
Trader,Construction_Pants_01,550,183,,,,game/vanilla (no PhazeOut override),game/vanilla (no PhazeOut override)
Trader,Construction_Pants_02,550,183,,,,game/vanilla (no PhazeOut override),game/vanilla (no PhazeOut override)
Trader,Construction_Pants_03,550,183,,,,game/vanilla (no PhazeOut override),game/vanilla (no PhazeOut override)
Trader,Corn,60,6,,,,game/vanilla (no PhazeOut override),game/vanilla (no PhazeOut override)
Trader,Corn_Seed_Bag,165,36,,,,game/vanilla (no PhazeOut override),game/vanilla (no PhazeOut override)
Trader,Corn_flakes,200,27,,,,game/vanilla (no PhazeOut override),game/vanilla (no PhazeOut override)
Trader,Cowboys_Boots_01,800,266,,,,game/vanilla (no PhazeOut override),game/vanilla (no PhazeOut override)
Trader,Crab_Apple,30,3,,,,game/vanilla (no PhazeOut override),game/vanilla (no PhazeOut override)
Trader,Crackers,200,30,,,,game/vanilla (no PhazeOut override),game/vanilla (no PhazeOut override)
Trader,Cream,300,31,,,,game/vanilla (no PhazeOut override),game/vanilla (no PhazeOut override)
Trader,Cuban_Cigar,500,208,,,,game/vanilla (no PhazeOut override),game/vanilla (no PhazeOut override)
Trader,Cucumber,50,20,,,,game/vanilla (no PhazeOut override),game/vanilla (no PhazeOut override)
Trader,Cucumber_Seed_Bag,165,36,,,,game/vanilla (no PhazeOut override),game/vanilla (no PhazeOut override)
Trader,Currant,20,20,,,,game/vanilla (no PhazeOut override),game/vanilla (no PhazeOut override)
Trader,Dandelion,10,1,,,,game/vanilla (no PhazeOut override),game/vanilla (no PhazeOut override)
Trader,Danny_Trejo_Boots_01,7,2,,,,game/vanilla (no PhazeOut override),game/vanilla (no PhazeOut override)
Trader,Danny_Trejo_Glove_01,7,2,,,,game/vanilla (no PhazeOut override),game/vanilla (no PhazeOut override)
Trader,Danny_Trejo_Pants,7,2,,,,game/vanilla (no PhazeOut override),game/vanilla (no PhazeOut override)
Trader,Danny_Trejo_Vest,7,2,,,,game/vanilla (no PhazeOut override),game/vanilla (no PhazeOut override)
Trader,Date,20,20,,,,game/vanilla (no PhazeOut override),game/vanilla (no PhazeOut override)
Trader,DialLock_Item,4400,977,,,,game/vanilla (no PhazeOut override),game/vanilla (no PhazeOut override)
Trader,Diary,100,16,,,,game/vanilla (no PhazeOut override),game/vanilla (no PhazeOut override)
Trader,Dog_Rose,100,20,,,,game/vanilla (no PhazeOut override),game/vanilla (no PhazeOut override)
Trader,Double_Bang_Firecracker,275,68,,,,game/vanilla (no PhazeOut override),game/vanilla (no PhazeOut override)
Trader,Drill,3000,625,,,,game/vanilla (no PhazeOut override),game/vanilla (no PhazeOut override)
Trader,Driving_Gloves_01_01,50,16,,,,game/vanilla (no PhazeOut override),game/vanilla (no PhazeOut override)
Trader,Driving_Gloves_01_02,50,16,,,,game/vanilla (no PhazeOut override),game/vanilla (no PhazeOut override)
Trader,Driving_Gloves_01_03,50,16,,,,game/vanilla (no PhazeOut override),game/vanilla (no PhazeOut override)
Trader,Driving_Gloves_01_04,50,16,,,,game/vanilla (no PhazeOut override),game/vanilla (no PhazeOut override)
Trader,Duct_Tape,200,13,,,,game/vanilla (no PhazeOut override),game/vanilla (no PhazeOut override)
Trader,Ear_Plugs,110,36,,,,game/vanilla (no PhazeOut override),game/vanilla (no PhazeOut override)
Trader,Egg,30,3,,,,game/vanilla (no PhazeOut override),game/vanilla (no PhazeOut override)
Trader,Electrical_Repair_Kit,2000,416,,,,game/vanilla (no PhazeOut override),game/vanilla (no PhazeOut override)
Trader,Electrician_Glove_01_01,1000,83,,,,game/vanilla (no PhazeOut override),game/vanilla (no PhazeOut override)
Trader,Electrician_Glove_01_02,1000,83,,,,game/vanilla (no PhazeOut override),game/vanilla (no PhazeOut override)
Trader,Electrician_Glove_01_03,1000,83,,,,game/vanilla (no PhazeOut override),game/vanilla (no PhazeOut override)
Trader,Electrician_Tools,1000,208,,,,game/vanilla (no PhazeOut override),game/vanilla (no PhazeOut override)
Trader,ElectricityGenerator,1000,208,,,,game/vanilla (no PhazeOut override),game/vanilla (no PhazeOut override)
Trader,ElectricityGenerator_Small,750,156,,,,game/vanilla (no PhazeOut override),game/vanilla (no PhazeOut override)
Trader,EmptyBag,16,1,,,,game/vanilla (no PhazeOut override),game/vanilla (no PhazeOut override)
Trader,Extreme_Helmet_01,120,49,,,,game/vanilla (no PhazeOut override),game/vanilla (no PhazeOut override)
Trader,F_Bra_Supporter_01,50,16,,,,game/vanilla (no PhazeOut override),game/vanilla (no PhazeOut override)
Trader,F_Undershirt_Bra_01,50,16,,,,game/vanilla (no PhazeOut override),game/vanilla (no PhazeOut override)
Trader,F_Undershirt_Bra_02,50,16,,,,game/vanilla (no PhazeOut override),game/vanilla (no PhazeOut override)
Trader,F_Undershirt_Bra_03,50,16,,,,game/vanilla (no PhazeOut override),game/vanilla (no PhazeOut override)
Trader,F_Undershirt_Bra_04,50,16,,,,game/vanilla (no PhazeOut override),game/vanilla (no PhazeOut override)
Trader,F_Undershirt_Bra_05,50,16,,,,game/vanilla (no PhazeOut override),game/vanilla (no PhazeOut override)
Trader,Fascinator_Hat_01,550,183,,,,game/vanilla (no PhazeOut override),game/vanilla (no PhazeOut override)
Trader,Fascinator_Hat_02,550,183,,,,game/vanilla (no PhazeOut override),game/vanilla (no PhazeOut override)
Trader,Fascinator_Hat_03,550,183,,,,game/vanilla (no PhazeOut override),game/vanilla (no PhazeOut override)
Trader,Fascinator_Hat_04,550,183,,,,game/vanilla (no PhazeOut override),game/vanilla (no PhazeOut override)
Trader,Fascinator_Hat_05,550,183,,,,game/vanilla (no PhazeOut override),game/vanilla (no PhazeOut override)
Trader,Fig,20,2,,,,game/vanilla (no PhazeOut override),game/vanilla (no PhazeOut override)
Trader,Fig_Seed_Bag,165,36,,,,game/vanilla (no PhazeOut override),game/vanilla (no PhazeOut override)
Trader,Fire_Hand_Drill_new,16,1,,,,game/vanilla (no PhazeOut override),game/vanilla (no PhazeOut override)
Trader,Fireman_Helmet_01,360,150,,,,game/vanilla (no PhazeOut override),game/vanilla (no PhazeOut override)
Trader,Fireman_Helmet_02,360,150,,,,game/vanilla (no PhazeOut override),game/vanilla (no PhazeOut override)
Trader,Fireman_Helmet_03,360,150,,,,game/vanilla (no PhazeOut override),game/vanilla (no PhazeOut override)
Trader,Fireworks_Big,1000,104,,,,game/vanilla (no PhazeOut override),game/vanilla (no PhazeOut override)
Trader,Fireworks_Small,500,52,,,,game/vanilla (no PhazeOut override),game/vanilla (no PhazeOut override)
Trader,FlareItem,200,20,,,,game/vanilla (no PhazeOut override),game/vanilla (no PhazeOut override)
Trader,FlareItem_Blue,200,20,,,,game/vanilla (no PhazeOut override),game/vanilla (no PhazeOut override)
Trader,FlareItem_Green,200,20,,,,game/vanilla (no PhazeOut override),game/vanilla (no PhazeOut override)
Trader,Flint_And_Steel,110,24,,,,game/vanilla (no PhazeOut override),game/vanilla (no PhazeOut override)
Trader,Fungicide,275,61,,,,game/vanilla (no PhazeOut override),game/vanilla (no PhazeOut override)
Trader,Fuse_1000A,100,50,,,,game/vanilla (no PhazeOut override),game/vanilla (no PhazeOut override)
Trader,Fuse_200A,100,50,,,,game/vanilla (no PhazeOut override),game/vanilla (no PhazeOut override)
Trader,Fuse_400A,100,50,,,,game/vanilla (no PhazeOut override),game/vanilla (no PhazeOut override)
Trader,Fuse_600A,100,50,,,,game/vanilla (no PhazeOut override),game/vanilla (no PhazeOut override)
Trader,Fuse_800A,100,50,,,,game/vanilla (no PhazeOut override),game/vanilla (no PhazeOut override)
Trader,Garlic,30,20,,,,game/vanilla (no PhazeOut override),game/vanilla (no PhazeOut override)
Trader,Garlic_Seed_Bag,165,36,,,,game/vanilla (no PhazeOut override),game/vanilla (no PhazeOut override)
Trader,GasLantern,440,97,,,,game/vanilla (no PhazeOut override),game/vanilla (no PhazeOut override)
Trader,GasTank,200,520,,,,game/vanilla (no PhazeOut override),game/vanilla (no PhazeOut override)
Trader,Geek_Goggels,220,73,,,,game/vanilla (no PhazeOut override),game/vanilla (no PhazeOut override)
Trader,Glass,100,10,,,,game/vanilla (no PhazeOut override),game/vanilla (no PhazeOut override)
Trader,Glue,70,7,,,,game/vanilla (no PhazeOut override),game/vanilla (no PhazeOut override)
Trader,Goat_Head,550,244,,,,game/vanilla (no PhazeOut override),game/vanilla (no PhazeOut override)
Trader,Goat_Skull_Hat_01,550,183,,,,game/vanilla (no PhazeOut override),game/vanilla (no PhazeOut override)
Trader,GrapeFruit,50,13,,,,game/vanilla (no PhazeOut override),game/vanilla (no PhazeOut override)
Trader,Grapes_Raw,40,13,,,,game/vanilla (no PhazeOut override),game/vanilla (no PhazeOut override)
Trader,GravelBag,55,12,,,,game/vanilla (no PhazeOut override),game/vanilla (no PhazeOut override)
Trader,GrillGrid,300,62,,,,game/vanilla (no PhazeOut override),game/vanilla (no PhazeOut override)
Trader,Grinding_Stone_01,1100,244,,,,game/vanilla (no PhazeOut override),game/vanilla (no PhazeOut override)
Trader,Grinding_Stone_02,1500,312,,,,game/vanilla (no PhazeOut override),game/vanilla (no PhazeOut override)
Trader,GuavaHalves,300,104,,,,game/vanilla (no PhazeOut override),game/vanilla (no PhazeOut override)
Trader,Guitar,2000,208,,,,game/vanilla (no PhazeOut override),game/vanilla (no PhazeOut override)
Trader,Gun_Powder,330,24,,,,game/vanilla (no PhazeOut override),game/vanilla (no PhazeOut override)
Trader,HH_Boots_01,800,266,,,,game/vanilla (no PhazeOut override),game/vanilla (no PhazeOut override)
Trader,HH_Shoes_01_01,400,133,,,,game/vanilla (no PhazeOut override),game/vanilla (no PhazeOut override)
Trader,HH_Shoes_01_02,400,133,,,,game/vanilla (no PhazeOut override),game/vanilla (no PhazeOut override)
Trader,HH_Shoes_01_03,400,133,,,,game/vanilla (no PhazeOut override),game/vanilla (no PhazeOut override)
Trader,HH_Shoes_01_04,400,133,,,,game/vanilla (no PhazeOut override),game/vanilla (no PhazeOut override)
Trader,HH_Shoes_02_01,600,200,,,,game/vanilla (no PhazeOut override),game/vanilla (no PhazeOut override)
Trader,HH_Shoes_02_02,600,200,,,,game/vanilla (no PhazeOut override),game/vanilla (no PhazeOut override)
Trader,HH_Shoes_02_03,600,200,,,,game/vanilla (no PhazeOut override),game/vanilla (no PhazeOut override)
Trader,HH_Shoes_03_01,600,200,,,,game/vanilla (no PhazeOut override),game/vanilla (no PhazeOut override)
Trader,HH_Shoes_03_02,600,200,,,,game/vanilla (no PhazeOut override),game/vanilla (no PhazeOut override)
Trader,HH_Shoes_03_03,600,200,,,,game/vanilla (no PhazeOut override),game/vanilla (no PhazeOut override)
Trader,HH_Shoes_03_04,600,200,,,,game/vanilla (no PhazeOut override),game/vanilla (no PhazeOut override)
Trader,HH_Shoes_03_05,600,200,,,,game/vanilla (no PhazeOut override),game/vanilla (no PhazeOut override)
Trader,HH_Shoes_03_06,600,200,,,,game/vanilla (no PhazeOut override),game/vanilla (no PhazeOut override)
Trader,HH_Shoes_03_07,600,200,,,,game/vanilla (no PhazeOut override),game/vanilla (no PhazeOut override)
Trader,HH_Shoes_04_01,800,266,,,,game/vanilla (no PhazeOut override),game/vanilla (no PhazeOut override)
Trader,HH_Shoes_04_02,800,266,,,,game/vanilla (no PhazeOut override),game/vanilla (no PhazeOut override)
Trader,HH_Shoes_04_03,800,266,,,,game/vanilla (no PhazeOut override),game/vanilla (no PhazeOut override)
Trader,HH_Shoes_04_04,800,266,,,,game/vanilla (no PhazeOut override),game/vanilla (no PhazeOut override)
Trader,HH_Shoes_05_01,200,66,,,,game/vanilla (no PhazeOut override),game/vanilla (no PhazeOut override)
Trader,HH_Shoes_05_02,200,66,,,,game/vanilla (no PhazeOut override),game/vanilla (no PhazeOut override)
Trader,HH_Shoes_05_03,200,66,,,,game/vanilla (no PhazeOut override),game/vanilla (no PhazeOut override)
Trader,HH_Wedge_Heels_01_01,250,83,,,,game/vanilla (no PhazeOut override),game/vanilla (no PhazeOut override)
Trader,HH_Wedge_Heels_01_02,250,83,,,,game/vanilla (no PhazeOut override),game/vanilla (no PhazeOut override)
Trader,HH_Wedge_Heels_01_03,250,83,,,,game/vanilla (no PhazeOut override),game/vanilla (no PhazeOut override)
Trader,HH_Wedge_Heels_01_04,250,83,,,,game/vanilla (no PhazeOut override),game/vanilla (no PhazeOut override)
Trader,HH_Wedge_Heels_01_05,250,83,,,,game/vanilla (no PhazeOut override),game/vanilla (no PhazeOut override)
Trader,HH_Wedge_Heels_01_06,250,83,,,,game/vanilla (no PhazeOut override),game/vanilla (no PhazeOut override)
Trader,Halloween_Anonymous_Mask_01,440,146,,,,game/vanilla (no PhazeOut override),game/vanilla (no PhazeOut override)
Trader,Halloween_Mask_BabyDoll_02,440,146,,,,game/vanilla (no PhazeOut override),game/vanilla (no PhazeOut override)
Trader,Halloween_Mask_Clown_03,440,146,,,,game/vanilla (no PhazeOut override),game/vanilla (no PhazeOut override)
Trader,Halloween_Mask_Greek,440,146,,,,game/vanilla (no PhazeOut override),game/vanilla (no PhazeOut override)
Trader,Halloween_Mask_Hockey_04,880,293,,,,game/vanilla (no PhazeOut override),game/vanilla (no PhazeOut override)
Trader,Halloween_Mask_JohnDoe_05,1100,366,,,,game/vanilla (no PhazeOut override),game/vanilla (no PhazeOut override)
Trader,Halloween_Mask_Knife,440,146,,,,game/vanilla (no PhazeOut override),game/vanilla (no PhazeOut override)
Trader,Halloween_Mask_Lecter_06,440,146,,,,game/vanilla (no PhazeOut override),game/vanilla (no PhazeOut override)
Trader,Halloween_Mask_Plague_07,440,146,,,,game/vanilla (no PhazeOut override),game/vanilla (no PhazeOut override)
Trader,Halloween_Mask_Scream,1100,366,,,,game/vanilla (no PhazeOut override),game/vanilla (no PhazeOut override)
Trader,Halloween_Mask_Smiley_08,440,146,,,,game/vanilla (no PhazeOut override),game/vanilla (no PhazeOut override)
Trader,Halloween_Mask_Wooden_09,440,146,,,,game/vanilla (no PhazeOut override),game/vanilla (no PhazeOut override)
Trader,Hand_Fan_01,100,50,,,,game/vanilla (no PhazeOut override),game/vanilla (no PhazeOut override)
Trader,Harmonica,800,41,,,,game/vanilla (no PhazeOut override),game/vanilla (no PhazeOut override)
Trader,Hazelnuts,10,2,,,,game/vanilla (no PhazeOut override),game/vanilla (no PhazeOut override)
Trader,Herbicide,275,61,,,,game/vanilla (no PhazeOut override),game/vanilla (no PhazeOut override)
Trader,HighTop_Shoes,100,33,,,,game/vanilla (no PhazeOut override),game/vanilla (no PhazeOut override)
Trader,Hiking_Backpack_01_01,1440,480,,,,game/vanilla (no PhazeOut override),game/vanilla (no PhazeOut override)
Trader,Hiking_Backpack_01_02,1440,480,,,,game/vanilla (no PhazeOut override),game/vanilla (no PhazeOut override)
Trader,Hiking_Backpack_01_03,1440,480,,,,game/vanilla (no PhazeOut override),game/vanilla (no PhazeOut override)
Trader,Hiking_Backpack_01_04,1440,480,,,,game/vanilla (no PhazeOut override),game/vanilla (no PhazeOut override)
Trader,Hiking_Backpack_01_05,1440,480,,,,game/vanilla (no PhazeOut override),game/vanilla (no PhazeOut override)
Trader,Hiking_Backpack_Tyrone,1440,480,,,,game/vanilla (no PhazeOut override),game/vanilla (no PhazeOut override)
Trader,Hiking_Boots_01,1000,333,,,,game/vanilla (no PhazeOut override),game/vanilla (no PhazeOut override)
Trader,Hiking_Boots_02,1000,333,,,,game/vanilla (no PhazeOut override),game/vanilla (no PhazeOut override)
Trader,Hiking_Boots_03,1000,333,,,,game/vanilla (no PhazeOut override),game/vanilla (no PhazeOut override)
Trader,Hiking_Boots_04,1000,333,,,,game/vanilla (no PhazeOut override),game/vanilla (no PhazeOut override)
Trader,Hip_Flask,400,41,,,,game/vanilla (no PhazeOut override),game/vanilla (no PhazeOut override)
Trader,Hippie_Pants_01,55,18,,,,game/vanilla (no PhazeOut override),game/vanilla (no PhazeOut override)
Trader,Hippie_Pants_02,55,18,,,,game/vanilla (no PhazeOut override),game/vanilla (no PhazeOut override)
Trader,Hippie_Pants_03,55,18,,,,game/vanilla (no PhazeOut override),game/vanilla (no PhazeOut override)
Trader,Hippie_Pants_04,55,18,,,,game/vanilla (no PhazeOut override),game/vanilla (no PhazeOut override)
Trader,Hippie_Pants_05,55,18,,,,game/vanilla (no PhazeOut override),game/vanilla (no PhazeOut override)
Trader,Hippie_Pants_06,55,18,,,,game/vanilla (no PhazeOut override),game/vanilla (no PhazeOut override)
Trader,Hippie_Pants_07,55,18,,,,game/vanilla (no PhazeOut override),game/vanilla (no PhazeOut override)
Trader,Hippie_Pants_08,55,18,,,,game/vanilla (no PhazeOut override),game/vanilla (no PhazeOut override)
Trader,Hippie_Shirt_01,55,18,,,,game/vanilla (no PhazeOut override),game/vanilla (no PhazeOut override)
Trader,Hippie_Shirt_02,55,18,,,,game/vanilla (no PhazeOut override),game/vanilla (no PhazeOut override)
Trader,Hoodie_01,110,36,,,,game/vanilla (no PhazeOut override),game/vanilla (no PhazeOut override)
Trader,Hoodie_02,110,36,,,,game/vanilla (no PhazeOut override),game/vanilla (no PhazeOut override)
Trader,Hoodie_03,110,36,,,,game/vanilla (no PhazeOut override),game/vanilla (no PhazeOut override)
Trader,Hoodie_04,110,36,,,,game/vanilla (no PhazeOut override),game/vanilla (no PhazeOut override)
Trader,Hoodie_05,110,36,,,,game/vanilla (no PhazeOut override),game/vanilla (no PhazeOut override)
Trader,Horse_Mask,550,183,,,,game/vanilla (no PhazeOut override),game/vanilla (no PhazeOut override)
Trader,Hose,500,26,,,,game/vanilla (no PhazeOut override),game/vanilla (no PhazeOut override)
Trader,Icing_Sugar,125,18,,,,game/vanilla (no PhazeOut override),game/vanilla (no PhazeOut override)
Trader,Improved_Wooden_Chest,275,61,,,,game/vanilla (no PhazeOut override),game/vanilla (no PhazeOut override)
Trader,ImprovisedMetalDetector,1100,122,,,,game/vanilla (no PhazeOut override),game/vanilla (no PhazeOut override)
Trader,Improvised_Backpack_Big,600,200,,,,game/vanilla (no PhazeOut override),game/vanilla (no PhazeOut override)
Trader,Improvised_Bag_Small_01,120,40,,,,game/vanilla (no PhazeOut override),game/vanilla (no PhazeOut override)
Trader,Improvised_Bag_Small_02,30,3,,,,game/vanilla (no PhazeOut override),game/vanilla (no PhazeOut override)
Trader,Improvised_Lockpick,1,0,,,,game/vanilla (no PhazeOut override),game/vanilla (no PhazeOut override)
Trader,Improvised_Metal_Chest,440,97,,,,game/vanilla (no PhazeOut override),game/vanilla (no PhazeOut override)
Trader,Improvised_Metal_Spear,55,11,,,,game/vanilla (no PhazeOut override),game/vanilla (no PhazeOut override)
Trader,Improvised_Plant_rope,5,0,,,,game/vanilla (no PhazeOut override),game/vanilla (no PhazeOut override)
Trader,Improvised_Sewing_kit,300,31,,,,game/vanilla (no PhazeOut override),game/vanilla (no PhazeOut override)
Trader,Improvised_Shoes_01,500,166,,,,game/vanilla (no PhazeOut override),game/vanilla (no PhazeOut override)
Trader,Improvised_Shoes_02,25,8,,,,game/vanilla (no PhazeOut override),game/vanilla (no PhazeOut override)
Trader,Improvised_Tool_Box,750,39,,,,game/vanilla (no PhazeOut override),game/vanilla (no PhazeOut override)
Trader,Improvised_Water_container,500,52,,,,game/vanilla (no PhazeOut override),game/vanilla (no PhazeOut override)
Trader,Improvised_Wheel,550,1,,,,game/vanilla (no PhazeOut override),game/vanilla (no PhazeOut override)
Trader,Improvised_Wooden_Chest,110,24,,,,game/vanilla (no PhazeOut override),game/vanilla (no PhazeOut override)
Trader,Improvised_compass,100,50,,,,game/vanilla (no PhazeOut override),game/vanilla (no PhazeOut override)
Trader,Improvised_rope,110,8,,,,game/vanilla (no PhazeOut override),game/vanilla (no PhazeOut override)
Trader,Industrial_Fertilizer,385,85,,,,game/vanilla (no PhazeOut override),game/vanilla (no PhazeOut override)
Trader,Inmate_Hoodie_01,110,36,,,,game/vanilla (no PhazeOut override),game/vanilla (no PhazeOut override)
Trader,Inmate_Pants_01_Forest_DigitalDeluxe,110,36,,,,game/vanilla (no PhazeOut override),game/vanilla (no PhazeOut override)
Trader,Inmate_Pants_01_Snow_DigitalDeluxe,110,36,,,,game/vanilla (no PhazeOut override),game/vanilla (no PhazeOut override)
Trader,Inmate_Pants_01_South_DigitalDeluxe,110,36,,,,game/vanilla (no PhazeOut override),game/vanilla (no PhazeOut override)
Trader,Inmate_Shirt_01_Forest_DigitalDeluxe,55,18,,,,game/vanilla (no PhazeOut override),game/vanilla (no PhazeOut override)
Trader,Inmate_Shirt_01_Snow_DigitalDeluxe,55,18,,,,game/vanilla (no PhazeOut override),game/vanilla (no PhazeOut override)
Trader,Inmate_Shirt_01_South_DigitalDeluxe,55,18,,,,game/vanilla (no PhazeOut override),game/vanilla (no PhazeOut override)
Trader,Inmate_pants,110,36,,,,game/vanilla (no PhazeOut override),game/vanilla (no PhazeOut override)
Trader,Inmate_shirt_01,55,18,,,,game/vanilla (no PhazeOut override),game/vanilla (no PhazeOut override)
Trader,Instant_OatMeal,200,26,,,,game/vanilla (no PhazeOut override),game/vanilla (no PhazeOut override)
Trader,Jack_o_Lantern_01,33,3,,,,game/vanilla (no PhazeOut override),game/vanilla (no PhazeOut override)
Trader,Jack_o_Lantern_02,33,3,,,,game/vanilla (no PhazeOut override),game/vanilla (no PhazeOut override)
Trader,Jack_o_Lantern_03,33,3,,,,game/vanilla (no PhazeOut override),game/vanilla (no PhazeOut override)
Trader,Jeans_01_01,440,146,,,,game/vanilla (no PhazeOut override),game/vanilla (no PhazeOut override)
Trader,Jeans_01_02,440,146,,,,game/vanilla (no PhazeOut override),game/vanilla (no PhazeOut override)
Trader,Jeans_01_03,440,146,,,,game/vanilla (no PhazeOut override),game/vanilla (no PhazeOut override)
Trader,Jeans_01_04,440,146,,,,game/vanilla (no PhazeOut override),game/vanilla (no PhazeOut override)
Trader,Jeans_02_01_V2,440,146,,,,game/vanilla (no PhazeOut override),game/vanilla (no PhazeOut override)
Trader,Jeans_02_02,440,146,,,,game/vanilla (no PhazeOut override),game/vanilla (no PhazeOut override)
Trader,Jeans_02_03,440,146,,,,game/vanilla (no PhazeOut override),game/vanilla (no PhazeOut override)
Trader,Jeans_02_04,440,146,,,,game/vanilla (no PhazeOut override),game/vanilla (no PhazeOut override)
Trader,Jeans_02_05,440,146,,,,game/vanilla (no PhazeOut override),game/vanilla (no PhazeOut override)
Trader,Jeans_02_06,440,146,,,,game/vanilla (no PhazeOut override),game/vanilla (no PhazeOut override)
Trader,Jeans_02_07,440,146,,,,game/vanilla (no PhazeOut override),game/vanilla (no PhazeOut override)
Trader,Jeans_02_08,440,146,,,,game/vanilla (no PhazeOut override),game/vanilla (no PhazeOut override)
Trader,Jeans_02_09,440,146,,,,game/vanilla (no PhazeOut override),game/vanilla (no PhazeOut override)
Trader,Jeans_Jersey_Jacket_01,550,183,,,,game/vanilla (no PhazeOut override),game/vanilla (no PhazeOut override)
Trader,Jeans_Jersey_Jacket_02,550,183,,,,game/vanilla (no PhazeOut override),game/vanilla (no PhazeOut override)
Trader,Jersey_01,110,36,,,,game/vanilla (no PhazeOut override),game/vanilla (no PhazeOut override)
Trader,Jersey_02,110,36,,,,game/vanilla (no PhazeOut override),game/vanilla (no PhazeOut override)
Trader,Jersey_03,110,36,,,,game/vanilla (no PhazeOut override),game/vanilla (no PhazeOut override)
Trader,Jersey_04,110,36,,,,game/vanilla (no PhazeOut override),game/vanilla (no PhazeOut override)
Trader,Jersey_05,110,36,,,,game/vanilla (no PhazeOut override),game/vanilla (no PhazeOut override)
Trader,Jersey_06,110,36,,,,game/vanilla (no PhazeOut override),game/vanilla (no PhazeOut override)
Trader,Jersey_07,110,36,,,,game/vanilla (no PhazeOut override),game/vanilla (no PhazeOut override)
Trader,Jersey_08,110,36,,,,game/vanilla (no PhazeOut override),game/vanilla (no PhazeOut override)
Trader,Jersey_09,110,36,,,,game/vanilla (no PhazeOut override),game/vanilla (no PhazeOut override)
Trader,Jock_Jacket_01,440,146,,,,game/vanilla (no PhazeOut override),game/vanilla (no PhazeOut override)
Trader,Jock_Jacket_02,440,146,,,,game/vanilla (no PhazeOut override),game/vanilla (no PhazeOut override)
Trader,Jock_Jacket_03,440,146,,,,game/vanilla (no PhazeOut override),game/vanilla (no PhazeOut override)
Trader,Jock_Jacket_04,550,183,,,,game/vanilla (no PhazeOut override),game/vanilla (no PhazeOut override)
Trader,Ketchup,300,39,,,,game/vanilla (no PhazeOut override),game/vanilla (no PhazeOut override)
Trader,Keyhole_Shirt_01,110,36,,,,game/vanilla (no PhazeOut override),game/vanilla (no PhazeOut override)
Trader,Keyhole_Shirt_02,110,36,,,,game/vanilla (no PhazeOut override),game/vanilla (no PhazeOut override)
Trader,Keyhole_Shirt_03,110,36,,,,game/vanilla (no PhazeOut override),game/vanilla (no PhazeOut override)
Trader,Keyhole_Shirt_04,110,36,,,,game/vanilla (no PhazeOut override),game/vanilla (no PhazeOut override)
Trader,Keyhole_Shirt_05,110,36,,,,game/vanilla (no PhazeOut override),game/vanilla (no PhazeOut override)
Trader,Keyhole_Shirt_06,110,36,,,,game/vanilla (no PhazeOut override),game/vanilla (no PhazeOut override)
Trader,Keyhole_Shirt_07,110,36,,,,game/vanilla (no PhazeOut override),game/vanilla (no PhazeOut override)
Trader,Keyhole_Shirt_08,100,50,,,,game/vanilla (no PhazeOut override),game/vanilla (no PhazeOut override)
Trader,Kilt_01,330,110,,,,game/vanilla (no PhazeOut override),game/vanilla (no PhazeOut override)
Trader,Kilt_02,330,110,,,,game/vanilla (no PhazeOut override),game/vanilla (no PhazeOut override)
Trader,Kilt_03,330,110,,,,game/vanilla (no PhazeOut override),game/vanilla (no PhazeOut override)
Trader,Kilt_04,330,110,,,,game/vanilla (no PhazeOut override),game/vanilla (no PhazeOut override)
Trader,Kilt_05,550,183,,,,game/vanilla (no PhazeOut override),game/vanilla (no PhazeOut override)
Trader,Kilt_06,330,110,,,,game/vanilla (no PhazeOut override),game/vanilla (no PhazeOut override)
Trader,Kilt_Brogue_Shoe_01,500,166,,,,game/vanilla (no PhazeOut override),game/vanilla (no PhazeOut override)
Trader,Kilt_Brogue_Shoe_02,500,166,,,,game/vanilla (no PhazeOut override),game/vanilla (no PhazeOut override)
Trader,Kilt_Brogue_Shoe_03,500,166,,,,game/vanilla (no PhazeOut override),game/vanilla (no PhazeOut override)
Trader,Kilt_Brogue_Shoe_04,500,166,,,,game/vanilla (no PhazeOut override),game/vanilla (no PhazeOut override)
Trader,Kilt_Brogue_Shoe_05,500,166,,,,game/vanilla (no PhazeOut override),game/vanilla (no PhazeOut override)
Trader,Kilt_Brogue_Shoe_06,500,166,,,,game/vanilla (no PhazeOut override),game/vanilla (no PhazeOut override)
Trader,Kilt_Sock_01,50,8,,,,game/vanilla (no PhazeOut override),game/vanilla (no PhazeOut override)
Trader,Kilt_Socks_02,50,8,,,,game/vanilla (no PhazeOut override),game/vanilla (no PhazeOut override)
Trader,Kilt_Socks_03,50,8,,,,game/vanilla (no PhazeOut override),game/vanilla (no PhazeOut override)
Trader,Kilt_Socks_04,50,8,,,,game/vanilla (no PhazeOut override),game/vanilla (no PhazeOut override)
Trader,Kilt_Socks_05,50,8,,,,game/vanilla (no PhazeOut override),game/vanilla (no PhazeOut override)
Trader,Kilt_Socks_06,50,8,,,,game/vanilla (no PhazeOut override),game/vanilla (no PhazeOut override)
Trader,Kitchen_Board_01,50,10,,,,game/vanilla (no PhazeOut override),game/vanilla (no PhazeOut override)
Trader,Kitchen_Board_02,50,10,,,,game/vanilla (no PhazeOut override),game/vanilla (no PhazeOut override)
Trader,Kiwi,30,20,,,,game/vanilla (no PhazeOut override),game/vanilla (no PhazeOut override)
Trader,Lead_Plate,220,48,,,,game/vanilla (no PhazeOut override),game/vanilla (no PhazeOut override)
Trader,Leather_Backpack_01,240,80,,,,game/vanilla (no PhazeOut override),game/vanilla (no PhazeOut override)
Trader,Leather_Backpack_02,240,80,,,,game/vanilla (no PhazeOut override),game/vanilla (no PhazeOut override)
Trader,Leather_Backpack_03,240,80,,,,game/vanilla (no PhazeOut override),game/vanilla (no PhazeOut override)
Trader,Leather_Jacket,660,220,,,,game/vanilla (no PhazeOut override),game/vanilla (no PhazeOut override)
Trader,Leather_MiniSkirt_01,165,55,,,,game/vanilla (no PhazeOut override),game/vanilla (no PhazeOut override)
Trader,Leather_MiniSkirt_02,165,55,,,,game/vanilla (no PhazeOut override),game/vanilla (no PhazeOut override)
Trader,Leather_MiniSkirt_03,165,55,,,,game/vanilla (no PhazeOut override),game/vanilla (no PhazeOut override)
Trader,Leather_Shoes,600,200,,,,game/vanilla (no PhazeOut override),game/vanilla (no PhazeOut override)
Trader,Leather_Shoes_02,800,266,,,,game/vanilla (no PhazeOut override),game/vanilla (no PhazeOut override)
Trader,Lemon,30,20,,,,game/vanilla (no PhazeOut override),game/vanilla (no PhazeOut override)
Trader,Lemon_Seed_Bag,165,36,,,,game/vanilla (no PhazeOut override),game/vanilla (no PhazeOut override)
Trader,Lettuce,70,12,,,,game/vanilla (no PhazeOut override),game/vanilla (no PhazeOut override)
Trader,Lettuce_Seed_Bag,165,36,,,,game/vanilla (no PhazeOut override),game/vanilla (no PhazeOut override)
Trader,Lighter,500,52,,,,game/vanilla (no PhazeOut override),game/vanilla (no PhazeOut override)
Trader,Lime,20,20,,,,game/vanilla (no PhazeOut override),game/vanilla (no PhazeOut override)
Trader,Lock_Item_Advanced,3300,733,,,,game/vanilla (no PhazeOut override),game/vanilla (no PhazeOut override)
Trader,Lock_Item_Basic,1100,48,,,,game/vanilla (no PhazeOut override),game/vanilla (no PhazeOut override)
Trader,Lock_Item_Medium,2200,488,,,,game/vanilla (no PhazeOut override),game/vanilla (no PhazeOut override)
Trader,Lock_Security,1100,244,,,,game/vanilla (no PhazeOut override),game/vanilla (no PhazeOut override)
Trader,Lock_Security_Lvl2,1650,366,,,,game/vanilla (no PhazeOut override),game/vanilla (no PhazeOut override)
Trader,Lock_Security_Lvl3,2200,488,,,,game/vanilla (no PhazeOut override),game/vanilla (no PhazeOut override)
Trader,Lockpick_Advanced_Item,1100,244,,,,game/vanilla (no PhazeOut override),game/vanilla (no PhazeOut override)
Trader,Lockpick_Item,330,73,,,,game/vanilla (no PhazeOut override),game/vanilla (no PhazeOut override)
Trader,LockpickingBoard,330,73,,,,game/vanilla (no PhazeOut override),game/vanilla (no PhazeOut override)
Trader,Long_wooden_stick,1,0,,,,game/vanilla (no PhazeOut override),game/vanilla (no PhazeOut override)
Trader,LuisMoncada_Boots,7,2,,,,game/vanilla (no PhazeOut override),game/vanilla (no PhazeOut override)
Trader,LuisMoncada_Jacket,7,2,,,,game/vanilla (no PhazeOut override),game/vanilla (no PhazeOut override)
Trader,LuisMoncada_Pants,7,2,,,,game/vanilla (no PhazeOut override),game/vanilla (no PhazeOut override)
Trader,MA1_Spitfire_01,440,146,,,,game/vanilla (no PhazeOut override),game/vanilla (no PhazeOut override)
Trader,MA1_Spitfire_02,440,146,,,,game/vanilla (no PhazeOut override),game/vanilla (no PhazeOut override)
Trader,MA1_Spitfire_03,440,146,,,,game/vanilla (no PhazeOut override),game/vanilla (no PhazeOut override)
Trader,MA1_Spitfire_04,440,146,,,,game/vanilla (no PhazeOut override),game/vanilla (no PhazeOut override)
Trader,MMA_Glove_01,50,16,,,,game/vanilla (no PhazeOut override),game/vanilla (no PhazeOut override)
Trader,Magnifying_Glass,330,36,,,,game/vanilla (no PhazeOut override),game/vanilla (no PhazeOut override)
Trader,Magnifying_Glass1,150,15,,,,game/vanilla (no PhazeOut override),game/vanilla (no PhazeOut override)
Trader,Mango,30,20,,,,game/vanilla (no PhazeOut override),game/vanilla (no PhazeOut override)
Trader,Matches,250,26,,,,game/vanilla (no PhazeOut override),game/vanilla (no PhazeOut override)
Trader,Mayonnaise,300,39,,,,game/vanilla (no PhazeOut override),game/vanilla (no PhazeOut override)
Trader,MeatSnack_01,200,34,,,,game/vanilla (no PhazeOut override),game/vanilla (no PhazeOut override)
Trader,MeatSnack_02,200,34,,,,game/vanilla (no PhazeOut override),game/vanilla (no PhazeOut override)
Trader,Medieval_Helmet_01,1200,499,,,,game/vanilla (no PhazeOut override),game/vanilla (no PhazeOut override)
Trader,MetalDetector,4000,833,,,,game/vanilla (no PhazeOut override),game/vanilla (no PhazeOut override)
Trader,Metal_Scrap_01,5,0,,,,game/vanilla (no PhazeOut override),game/vanilla (no PhazeOut override)
Trader,Metal_Scrap_02,5,0,,,,game/vanilla (no PhazeOut override),game/vanilla (no PhazeOut override)
Trader,Metal_Scrap_03,5,0,,,,game/vanilla (no PhazeOut override),game/vanilla (no PhazeOut override)
Trader,Metal_Scrap_04,5,0,,,,game/vanilla (no PhazeOut override),game/vanilla (no PhazeOut override)
Trader,Metal_Scrap_05,5,0,,,,game/vanilla (no PhazeOut override),game/vanilla (no PhazeOut override)
Trader,Military_Backpack_02_01,1440,480,,,,game/vanilla (no PhazeOut override),game/vanilla (no PhazeOut override)
Trader,Military_Backpack_02_02,1440,480,,,,game/vanilla (no PhazeOut override),game/vanilla (no PhazeOut override)
Trader,Military_Backpack_03_02,600,200,,,,game/vanilla (no PhazeOut override),game/vanilla (no PhazeOut override)
Trader,Military_Backpack_03_03,600,200,,,,game/vanilla (no PhazeOut override),game/vanilla (no PhazeOut override)
Trader,Military_Backpack_03_04,600,200,,,,game/vanilla (no PhazeOut override),game/vanilla (no PhazeOut override)
Trader,Military_Backpack_03_05,600,200,,,,game/vanilla (no PhazeOut override),game/vanilla (no PhazeOut override)
Trader,Military_Backpack_03_06,600,200,,,,game/vanilla (no PhazeOut override),game/vanilla (no PhazeOut override)
Trader,Military_Backpack_03_07,600,200,,,,game/vanilla (no PhazeOut override),game/vanilla (no PhazeOut override)
Trader,Military_Backpack_03_08,600,200,,,,game/vanilla (no PhazeOut override),game/vanilla (no PhazeOut override)
Trader,Milk,50,5,,,,game/vanilla (no PhazeOut override),game/vanilla (no PhazeOut override)
Trader,Mobile_Phone,1200,124,,,,game/vanilla (no PhazeOut override),game/vanilla (no PhazeOut override)
Trader,Motorcycle_Boots_01,800,266,,,,game/vanilla (no PhazeOut override),game/vanilla (no PhazeOut override)
Trader,Motorcycle_Boots_02,800,266,,,,game/vanilla (no PhazeOut override),game/vanilla (no PhazeOut override)
Trader,Motorcycle_Boots_03,800,266,,,,game/vanilla (no PhazeOut override),game/vanilla (no PhazeOut override)
Trader,Motorcycle_Glasses_01,440,146,,,,game/vanilla (no PhazeOut override),game/vanilla (no PhazeOut override)
Trader,Motorcycle_Glasses_02,440,146,,,,game/vanilla (no PhazeOut override),game/vanilla (no PhazeOut override)
Trader,Motorcycle_Jacket_01,770,256,,,,game/vanilla (no PhazeOut override),game/vanilla (no PhazeOut override)
Trader,Motorcycle_Jacket_02,770,256,,,,game/vanilla (no PhazeOut override),game/vanilla (no PhazeOut override)
Trader,Motorcycle_Jacket_03,770,256,,,,game/vanilla (no PhazeOut override),game/vanilla (no PhazeOut override)
Trader,Motorcycle_Mask_01,440,146,,,,game/vanilla (no PhazeOut override),game/vanilla (no PhazeOut override)
Trader,Motorcycle_Mask_02,440,146,,,,game/vanilla (no PhazeOut override),game/vanilla (no PhazeOut override)
Trader,Motorcycle_Pants_01,440,146,,,,game/vanilla (no PhazeOut override),game/vanilla (no PhazeOut override)
Trader,Motorcycle_Pants_02,440,146,,,,game/vanilla (no PhazeOut override),game/vanilla (no PhazeOut override)
Trader,Motorcycle_Pants_03,440,146,,,,game/vanilla (no PhazeOut override),game/vanilla (no PhazeOut override)
Trader,Mulberry,20,20,,,,game/vanilla (no PhazeOut override),game/vanilla (no PhazeOut override)
Trader,Mustard,300,39,,,,game/vanilla (no PhazeOut override),game/vanilla (no PhazeOut override)
Trader,Nails,10,1,,,,game/vanilla (no PhazeOut override),game/vanilla (no PhazeOut override)
Trader,Nails_Package_Box,200,16,,,,game/vanilla (no PhazeOut override),game/vanilla (no PhazeOut override)
Trader,Needle,93,10,,,,game/vanilla (no PhazeOut override),game/vanilla (no PhazeOut override)
Trader,Negan_Jacket,550,183,,,,game/vanilla (no PhazeOut override),game/vanilla (no PhazeOut override)
Trader,Oak_Nuts,20,20,,,,game/vanilla (no PhazeOut override),game/vanilla (no PhazeOut override)
Trader,Olives,20,20,,,,game/vanilla (no PhazeOut override),game/vanilla (no PhazeOut override)
Trader,Onion,40,20,,,,game/vanilla (no PhazeOut override),game/vanilla (no PhazeOut override)
Trader,Open_Finger_Gloves_01,100,33,,,,game/vanilla (no PhazeOut override),game/vanilla (no PhazeOut override)
Trader,Open_Finger_Gloves_02,100,33,,,,game/vanilla (no PhazeOut override),game/vanilla (no PhazeOut override)
Trader,Open_Finger_Gloves_03,100,33,,,,game/vanilla (no PhazeOut override),game/vanilla (no PhazeOut override)
Trader,Open_Finger_Gloves_04,100,33,,,,game/vanilla (no PhazeOut override),game/vanilla (no PhazeOut override)
Trader,Open_Finger_Gloves_05,100,33,,,,game/vanilla (no PhazeOut override),game/vanilla (no PhazeOut override)
Trader,Open_Finger_Gloves_06,100,33,,,,game/vanilla (no PhazeOut override),game/vanilla (no PhazeOut override)
Trader,Orange,30,20,,,,game/vanilla (no PhazeOut override),game/vanilla (no PhazeOut override)
Trader,Organic_Fertilizer,286,63,,,,game/vanilla (no PhazeOut override),game/vanilla (no PhazeOut override)
Trader,Padlock,110,24,,,,game/vanilla (no PhazeOut override),game/vanilla (no PhazeOut override)
Trader,PaintSprayer,110,3,,,,game/vanilla (no PhazeOut override),game/vanilla (no PhazeOut override)
Trader,Pajama_Pants,55,18,,,,game/vanilla (no PhazeOut override),game/vanilla (no PhazeOut override)
Trader,Pajama_Shirt_01,55,18,,,,game/vanilla (no PhazeOut override),game/vanilla (no PhazeOut override)
Trader,Pan,50,10,,,,game/vanilla (no PhazeOut override),game/vanilla (no PhazeOut override)
Trader,Pantyhose_01,100,33,,,,game/vanilla (no PhazeOut override),game/vanilla (no PhazeOut override)
Trader,Paper,5,0,,,,game/vanilla (no PhazeOut override),game/vanilla (no PhazeOut override)
Trader,Parsley,40,20,,,,game/vanilla (no PhazeOut override),game/vanilla (no PhazeOut override)
Trader,Party_Glasses_01,110,36,,,,game/vanilla (no PhazeOut override),game/vanilla (no PhazeOut override)
Trader,Party_Glasses_02,110,36,,,,game/vanilla (no PhazeOut override),game/vanilla (no PhazeOut override)
Trader,Pasta,300,31,,,,game/vanilla (no PhazeOut override),game/vanilla (no PhazeOut override)
Trader,Peach,30,21,,,,game/vanilla (no PhazeOut override),game/vanilla (no PhazeOut override)
Trader,Pear,40,20,,,,game/vanilla (no PhazeOut override),game/vanilla (no PhazeOut override)
Trader,Pear_Seed_Bag,165,36,,,,game/vanilla (no PhazeOut override),game/vanilla (no PhazeOut override)
Trader,Pen,200,41,,,,game/vanilla (no PhazeOut override),game/vanilla (no PhazeOut override)
Trader,PenisWarmer_01,50,16,,,,game/vanilla (no PhazeOut override),game/vanilla (no PhazeOut override)
Trader,PenisWarmer_02,50,16,,,,game/vanilla (no PhazeOut override),game/vanilla (no PhazeOut override)
Trader,PenisWarmer_03,50,16,,,,game/vanilla (no PhazeOut override),game/vanilla (no PhazeOut override)
Trader,Peppers_Seed_Bag,165,36,,,,game/vanilla (no PhazeOut override),game/vanilla (no PhazeOut override)
Trader,Pesticide,275,61,,,,game/vanilla (no PhazeOut override),game/vanilla (no PhazeOut override)
Trader,Pilot_Glasses,440,146,,,,game/vanilla (no PhazeOut override),game/vanilla (no PhazeOut override)
Trader,Pilot_Hat_01,110,36,,,,game/vanilla (no PhazeOut override),game/vanilla (no PhazeOut override)
Trader,Pilot_Jacket,550,183,,,,game/vanilla (no PhazeOut override),game/vanilla (no PhazeOut override)
Trader,Pine_Cone,20,2,,,,game/vanilla (no PhazeOut override),game/vanilla (no PhazeOut override)
Trader,Pineapple,80,27,,,,game/vanilla (no PhazeOut override),game/vanilla (no PhazeOut override)
Trader,Pirate_EyePatch,220,73,,,,game/vanilla (no PhazeOut override),game/vanilla (no PhazeOut override)
Trader,Pirate_Hat_01,550,183,,,,game/vanilla (no PhazeOut override),game/vanilla (no PhazeOut override)
Trader,Pirate_Hat_Sparrow_02,550,183,,,,game/vanilla (no PhazeOut override),game/vanilla (no PhazeOut override)
Trader,Plum,40,18,,,,game/vanilla (no PhazeOut override),game/vanilla (no PhazeOut override)
Trader,Police_Backpack_03,600,200,,,,game/vanilla (no PhazeOut override),game/vanilla (no PhazeOut override)
Trader,Police_Boonie_Hat_01,220,73,,,,game/vanilla (no PhazeOut override),game/vanilla (no PhazeOut override)
Trader,Police_Open_Finger_Gloves_01,100,33,,,,game/vanilla (no PhazeOut override),game/vanilla (no PhazeOut override)
Trader,PortableWorkLight,1000,208,,,,game/vanilla (no PhazeOut override),game/vanilla (no PhazeOut override)
Trader,Portable_Electric_Stove,1000,208,,,,game/vanilla (no PhazeOut override),game/vanilla (no PhazeOut override)
Trader,Portable_Gas_Stove,880,195,,,,game/vanilla (no PhazeOut override),game/vanilla (no PhazeOut override)
Trader,Pot1,550,122,,,,game/vanilla (no PhazeOut override),game/vanilla (no PhazeOut override)
Trader,Potato,60,15,,,,game/vanilla (no PhazeOut override),game/vanilla (no PhazeOut override)
Trader,Potato_Seed_Bag,165,36,,,,game/vanilla (no PhazeOut override),game/vanilla (no PhazeOut override)
Trader,Prisoner_Head,100,20,,,,game/vanilla (no PhazeOut override),game/vanilla (no PhazeOut override)
Trader,Pumpkin,100,20,,,,game/vanilla (no PhazeOut override),game/vanilla (no PhazeOut override)
Trader,Pumpkin_Seed_Bag,165,36,,,,game/vanilla (no PhazeOut override),game/vanilla (no PhazeOut override)
Trader,Puppet_Eye,50,10,,,,game/vanilla (no PhazeOut override),game/vanilla (no PhazeOut override)
Trader,Qipao_Dress_01,198,66,,,,game/vanilla (no PhazeOut override),game/vanilla (no PhazeOut override)
Trader,Qipao_Dress_02,198,66,,,,game/vanilla (no PhazeOut override),game/vanilla (no PhazeOut override)
Trader,Qipao_Dress_03,198,66,,,,game/vanilla (no PhazeOut override),game/vanilla (no PhazeOut override)
Trader,Qipao_Dress_04,198,66,,,,game/vanilla (no PhazeOut override),game/vanilla (no PhazeOut override)
Trader,Qipao_Dress_05,198,66,,,,game/vanilla (no PhazeOut override),game/vanilla (no PhazeOut override)
Trader,Qipao_Dress_06,198,66,,,,game/vanilla (no PhazeOut override),game/vanilla (no PhazeOut override)
Trader,RH_Arm_Guard,100,33,,,,game/vanilla (no PhazeOut override),game/vanilla (no PhazeOut override)
Trader,RH_Bycoket_01,550,183,,,,game/vanilla (no PhazeOut override),game/vanilla (no PhazeOut override)
Trader,RH_Jacket,660,220,,,,game/vanilla (no PhazeOut override),game/vanilla (no PhazeOut override)
Trader,RH_Shoe_01,500,166,,,,game/vanilla (no PhazeOut override),game/vanilla (no PhazeOut override)
Trader,RH_Tights,330,110,,,,game/vanilla (no PhazeOut override),game/vanilla (no PhazeOut override)
Trader,RK_Beanie_01,550,183,,,,game/vanilla (no PhazeOut override),game/vanilla (no PhazeOut override)
Trader,RK_Hoodie_01,550,183,,,,game/vanilla (no PhazeOut override),game/vanilla (no PhazeOut override)
Trader,Rabbit_Mask_01,1100,366,,,,game/vanilla (no PhazeOut override),game/vanilla (no PhazeOut override)
Trader,Racing_Helmet_01,600,249,,,,game/vanilla (no PhazeOut override),game/vanilla (no PhazeOut override)
Trader,Radio,400,41,,,,game/vanilla (no PhazeOut override),game/vanilla (no PhazeOut override)
Trader,Raincoat_01,550,183,,,,game/vanilla (no PhazeOut override),game/vanilla (no PhazeOut override)
Trader,Raincoat_02,550,183,,,,game/vanilla (no PhazeOut override),game/vanilla (no PhazeOut override)
Trader,Raincoat_03,550,183,,,,game/vanilla (no PhazeOut override),game/vanilla (no PhazeOut override)
Trader,Raincoat_04,550,183,,,,game/vanilla (no PhazeOut override),game/vanilla (no PhazeOut override)
Trader,Raincoat_05,550,183,,,,game/vanilla (no PhazeOut override),game/vanilla (no PhazeOut override)
Trader,Raincoat_06,550,183,,,,game/vanilla (no PhazeOut override),game/vanilla (no PhazeOut override)
Trader,Raincoat_Improvised,110,36,,,,game/vanilla (no PhazeOut override),game/vanilla (no PhazeOut override)
Trader,Raisins,200,27,,,,game/vanilla (no PhazeOut override),game/vanilla (no PhazeOut override)
Trader,Ramsons,20,13,,,,game/vanilla (no PhazeOut override),game/vanilla (no PhazeOut override)
Trader,Raymond_Cruz_Boots,7,2,,,,game/vanilla (no PhazeOut override),game/vanilla (no PhazeOut override)
Trader,Raymond_Cruz_Hat,7,2,,,,game/vanilla (no PhazeOut override),game/vanilla (no PhazeOut override)
Trader,Raymond_Cruz_Pants,7,2,,,,game/vanilla (no PhazeOut override),game/vanilla (no PhazeOut override)
Trader,Raymond_Cruz_Shirt,7,2,,,,game/vanilla (no PhazeOut override),game/vanilla (no PhazeOut override)
Trader,Razor_Blade,10,1,,,,game/vanilla (no PhazeOut override),game/vanilla (no PhazeOut override)
Trader,Rebar_Cutter,4000,833,,,,game/vanilla (no PhazeOut override),game/vanilla (no PhazeOut override)
Trader,RedOnion_Seed_Bag,165,36,,,,game/vanilla (no PhazeOut override),game/vanilla (no PhazeOut override)
Trader,Redneck_Hat_07,220,73,,,,game/vanilla (no PhazeOut override),game/vanilla (no PhazeOut override)
Trader,Refrigerator_Portable_Small,1300,270,,,,game/vanilla (no PhazeOut override),game/vanilla (no PhazeOut override)
Trader,Retro_Helmet_01,360,150,,,,game/vanilla (no PhazeOut override),game/vanilla (no PhazeOut override)
Trader,Rice,300,31,,,,game/vanilla (no PhazeOut override),game/vanilla (no PhazeOut override)
Trader,Richards_Cheese,300,31,,,,game/vanilla (no PhazeOut override),game/vanilla (no PhazeOut override)
Trader,Rider_Helmet_01,360,150,,,,game/vanilla (no PhazeOut override),game/vanilla (no PhazeOut override)
Trader,Rider_Helmet_02,480,199,,,,game/vanilla (no PhazeOut override),game/vanilla (no PhazeOut override)
Trader,Rider_Helmet_03,360,150,,,,game/vanilla (no PhazeOut override),game/vanilla (no PhazeOut override)
Trader,Riot_Helmet_02,360,150,,,,game/vanilla (no PhazeOut override),game/vanilla (no PhazeOut override)
Trader,Rope1,220,48,,,,game/vanilla (no PhazeOut override),game/vanilla (no PhazeOut override)
Trader,Round_Sunglasses,440,146,,,,game/vanilla (no PhazeOut override),game/vanilla (no PhazeOut override)
Trader,Rubber_band,10,1,,,,game/vanilla (no PhazeOut override),game/vanilla (no PhazeOut override)
Trader,Rubber_sheet,20,1,,,,game/vanilla (no PhazeOut override),game/vanilla (no PhazeOut override)
Trader,Safety_Goggles,220,73,,,,game/vanilla (no PhazeOut override),game/vanilla (no PhazeOut override)
Trader,Safety_pin,2,0,,,,game/vanilla (no PhazeOut override),game/vanilla (no PhazeOut override)
Trader,Salsify_roots,30,3,,,,game/vanilla (no PhazeOut override),game/vanilla (no PhazeOut override)
Trader,SaltBag,500,52,,,,game/vanilla (no PhazeOut override),game/vanilla (no PhazeOut override)
Trader,SandBag,220,12,,,,game/vanilla (no PhazeOut override),game/vanilla (no PhazeOut override)
Trader,Santa_Hat_01,220,73,,,,game/vanilla (no PhazeOut override),game/vanilla (no PhazeOut override)
Trader,Santa_Jacket,660,220,,,,game/vanilla (no PhazeOut override),game/vanilla (no PhazeOut override)
Trader,Santa_Pants,440,146,,,,game/vanilla (no PhazeOut override),game/vanilla (no PhazeOut override)
Trader,Saw,550,122,,,,game/vanilla (no PhazeOut override),game/vanilla (no PhazeOut override)
Trader,Scary_Mask_01,550,183,,,,game/vanilla (no PhazeOut override),game/vanilla (no PhazeOut override)
Trader,School_Backpack_01,240,80,,,,game/vanilla (no PhazeOut override),game/vanilla (no PhazeOut override)
Trader,School_Backpack_Boy_02,240,80,,,,game/vanilla (no PhazeOut override),game/vanilla (no PhazeOut override)
Trader,School_Backpack_Boy_03,240,80,,,,game/vanilla (no PhazeOut override),game/vanilla (no PhazeOut override)
Trader,School_Backpack_Girl_04,240,80,,,,game/vanilla (no PhazeOut override),game/vanilla (no PhazeOut override)
Trader,School_Backpack_Girl_05,240,80,,,,game/vanilla (no PhazeOut override),game/vanilla (no PhazeOut override)
Trader,School_Backpack_Girl_06,240,80,,,,game/vanilla (no PhazeOut override),game/vanilla (no PhazeOut override)
Trader,Scissors_01,110,12,,,,game/vanilla (no PhazeOut override),game/vanilla (no PhazeOut override)
Trader,Scissors_Plastic,88,9,,,,game/vanilla (no PhazeOut override),game/vanilla (no PhazeOut override)
Trader,Scottish_Sporran_Bag_01,300,100,,,,game/vanilla (no PhazeOut override),game/vanilla (no PhazeOut override)
Trader,Screwdriver,9500,1979,,,,game/vanilla (no PhazeOut override),game/vanilla (no PhazeOut override)
Trader,Screwdriver_Small,1000,104,,,,game/vanilla (no PhazeOut override),game/vanilla (no PhazeOut override)
Trader,Scum_Shirt_Supporter_Pack_Black_01,55,18,,,,game/vanilla (no PhazeOut override),game/vanilla (no PhazeOut override)
Trader,SeaSalt_01,20,2,,,,game/vanilla (no PhazeOut override),game/vanilla (no PhazeOut override)
Trader,SeaSalt_02,100,10,,,,game/vanilla (no PhazeOut override),game/vanilla (no PhazeOut override)
Trader,Sewing_kit,600,124,,,,game/vanilla (no PhazeOut override),game/vanilla (no PhazeOut override)
Trader,Sexy_Jeans_Shorts_01,110,36,,,,game/vanilla (no PhazeOut override),game/vanilla (no PhazeOut override)
Trader,Sexy_Jeans_Shorts_02,110,36,,,,game/vanilla (no PhazeOut override),game/vanilla (no PhazeOut override)
Trader,Sexy_Jeans_Shorts_03,110,36,,,,game/vanilla (no PhazeOut override),game/vanilla (no PhazeOut override)
Trader,Sexy_Jeans_Shorts_04,110,36,,,,game/vanilla (no PhazeOut override),game/vanilla (no PhazeOut override)
Trader,Sexy_Jeans_Shorts_05,110,36,,,,game/vanilla (no PhazeOut override),game/vanilla (no PhazeOut override)
Trader,Sexy_Jeans_Shorts_06,110,36,,,,game/vanilla (no PhazeOut override),game/vanilla (no PhazeOut override)
Trader,Sexy_Jeans_Shorts_07,110,36,,,,game/vanilla (no PhazeOut override),game/vanilla (no PhazeOut override)
Trader,Shimoro_Pants,660,244,,,,game/vanilla (no PhazeOut override),game/vanilla (no PhazeOut override)
Trader,Shimoro_Vest,550,203,,,,game/vanilla (no PhazeOut override),game/vanilla (no PhazeOut override)
Trader,Shirt_01,55,18,,,,game/vanilla (no PhazeOut override),game/vanilla (no PhazeOut override)
Trader,Shirt_02,55,18,,,,game/vanilla (no PhazeOut override),game/vanilla (no PhazeOut override)
Trader,Shirt_03,55,18,,,,game/vanilla (no PhazeOut override),game/vanilla (no PhazeOut override)
Trader,Shirt_04,55,18,,,,game/vanilla (no PhazeOut override),game/vanilla (no PhazeOut override)
Trader,Shorts_Pants_01_01,55,18,,,,game/vanilla (no PhazeOut override),game/vanilla (no PhazeOut override)
Trader,Shorts_Pants_01_02,55,18,,,,game/vanilla (no PhazeOut override),game/vanilla (no PhazeOut override)
Trader,Shorts_Pants_01_03,55,18,,,,game/vanilla (no PhazeOut override),game/vanilla (no PhazeOut override)
Trader,Shorts_Pants_01_04,55,18,,,,game/vanilla (no PhazeOut override),game/vanilla (no PhazeOut override)
Trader,Shorts_Pants_01_05,55,18,,,,game/vanilla (no PhazeOut override),game/vanilla (no PhazeOut override)
Trader,Shorts_Pants_01_06,55,18,,,,game/vanilla (no PhazeOut override),game/vanilla (no PhazeOut override)
Trader,Shorts_Pants_01_07,55,18,,,,game/vanilla (no PhazeOut override),game/vanilla (no PhazeOut override)
Trader,Shorts_Pants_01_08,55,18,,,,game/vanilla (no PhazeOut override),game/vanilla (no PhazeOut override)
Trader,Shorts_Pants_01_09,55,18,,,,game/vanilla (no PhazeOut override),game/vanilla (no PhazeOut override)
Trader,Shorts_Pants_01_10,55,18,,,,game/vanilla (no PhazeOut override),game/vanilla (no PhazeOut override)
Trader,Skewer,110,8,,,,game/vanilla (no PhazeOut override),game/vanilla (no PhazeOut override)
Trader,Skirt_01_01,165,55,,,,game/vanilla (no PhazeOut override),game/vanilla (no PhazeOut override)
Trader,Skirt_01_02,165,55,,,,game/vanilla (no PhazeOut override),game/vanilla (no PhazeOut override)
Trader,Skirt_01_03,165,55,,,,game/vanilla (no PhazeOut override),game/vanilla (no PhazeOut override)
Trader,Skirt_02_01,165,55,,,,game/vanilla (no PhazeOut override),game/vanilla (no PhazeOut override)
Trader,Skirt_02_02,165,55,,,,game/vanilla (no PhazeOut override),game/vanilla (no PhazeOut override)
Trader,Skirt_02_03,165,55,,,,game/vanilla (no PhazeOut override),game/vanilla (no PhazeOut override)
Trader,Skirt_02_04,165,55,,,,game/vanilla (no PhazeOut override),game/vanilla (no PhazeOut override)
Trader,Skirt_02_05,165,55,,,,game/vanilla (no PhazeOut override),game/vanilla (no PhazeOut override)
Trader,Skirt_02_06,165,55,,,,game/vanilla (no PhazeOut override),game/vanilla (no PhazeOut override)
Trader,Skirt_02_07,165,55,,,,game/vanilla (no PhazeOut override),game/vanilla (no PhazeOut override)
Trader,Skirt_02_08,100,50,,,,game/vanilla (no PhazeOut override),game/vanilla (no PhazeOut override)
Trader,Slippers_01,50,16,,,,game/vanilla (no PhazeOut override),game/vanilla (no PhazeOut override)
Trader,Slippers_03,50,16,,,,game/vanilla (no PhazeOut override),game/vanilla (no PhazeOut override)
Trader,Smartphone_Battery,450,46,,,,game/vanilla (no PhazeOut override),game/vanilla (no PhazeOut override)
Trader,Sneakers_02_01,100,33,,,,game/vanilla (no PhazeOut override),game/vanilla (no PhazeOut override)
Trader,Sneakers_02_02,100,33,,,,game/vanilla (no PhazeOut override),game/vanilla (no PhazeOut override)
Trader,Sneakers_02_03,100,33,,,,game/vanilla (no PhazeOut override),game/vanilla (no PhazeOut override)
Trader,Sneakers_02_04,100,33,,,,game/vanilla (no PhazeOut override),game/vanilla (no PhazeOut override)
Trader,Soap,100,10,,,,game/vanilla (no PhazeOut override),game/vanilla (no PhazeOut override)
Trader,Sock_01,50,16,,,,game/vanilla (no PhazeOut override),game/vanilla (no PhazeOut override)
Trader,Socks_02,50,16,,,,game/vanilla (no PhazeOut override),game/vanilla (no PhazeOut override)
Trader,SoySauce,300,52,,,,game/vanilla (no PhazeOut override),game/vanilla (no PhazeOut override)
Trader,SpicesMix_01,300,31,,,,game/vanilla (no PhazeOut override),game/vanilla (no PhazeOut override)
Trader,SpicesMix_02,300,31,,,,game/vanilla (no PhazeOut override),game/vanilla (no PhazeOut override)
Trader,Spinach,40,20,,,,game/vanilla (no PhazeOut override),game/vanilla (no PhazeOut override)
Trader,Spinach_Seed_Bag,165,36,,,,game/vanilla (no PhazeOut override),game/vanilla (no PhazeOut override)
Trader,Spon,500,260,,,,game/vanilla (no PhazeOut override),game/vanilla (no PhazeOut override)
Trader,Stinging_Nettle,30,3,,,,game/vanilla (no PhazeOut override),game/vanilla (no PhazeOut override)
Trader,Stockings_01,100,33,,,,game/vanilla (no PhazeOut override),game/vanilla (no PhazeOut override)
Trader,Stockings_02,100,33,,,,game/vanilla (no PhazeOut override),game/vanilla (no PhazeOut override)
Trader,Stockings_03,100,33,,,,game/vanilla (no PhazeOut override),game/vanilla (no PhazeOut override)
Trader,Stockings_04,100,33,,,,game/vanilla (no PhazeOut override),game/vanilla (no PhazeOut override)
Trader,Stockings_05,100,33,,,,game/vanilla (no PhazeOut override),game/vanilla (no PhazeOut override)
Trader,Stockings_06,100,33,,,,game/vanilla (no PhazeOut override),game/vanilla (no PhazeOut override)
Trader,Stockings_07,100,33,,,,game/vanilla (no PhazeOut override),game/vanilla (no PhazeOut override)
Trader,Stockings_08,100,50,,,,game/vanilla (no PhazeOut override),game/vanilla (no PhazeOut override)
Trader,Stone,2,0,,,,game/vanilla (no PhazeOut override),game/vanilla (no PhazeOut override)
Trader,Stone_Large,2,0,,,,game/vanilla (no PhazeOut override),game/vanilla (no PhazeOut override)
Trader,Stone_Small,1,0,,,,game/vanilla (no PhazeOut override),game/vanilla (no PhazeOut override)
Trader,Strait_Jacket,440,146,,,,game/vanilla (no PhazeOut override),game/vanilla (no PhazeOut override)
Trader,Sugar,100,20,,,,game/vanilla (no PhazeOut override),game/vanilla (no PhazeOut override)
Trader,SugarBeet,30,20,,,,game/vanilla (no PhazeOut override),game/vanilla (no PhazeOut override)
Trader,Suite_Pants_01,880,293,,,,game/vanilla (no PhazeOut override),game/vanilla (no PhazeOut override)
Trader,Sweater_01,220,73,,,,game/vanilla (no PhazeOut override),game/vanilla (no PhazeOut override)
Trader,Sweater_02,220,73,,,,game/vanilla (no PhazeOut override),game/vanilla (no PhazeOut override)
Trader,Sweater_03,220,73,,,,game/vanilla (no PhazeOut override),game/vanilla (no PhazeOut override)
Trader,Sweater_04,220,73,,,,game/vanilla (no PhazeOut override),game/vanilla (no PhazeOut override)
Trader,Sweater_05,220,73,,,,game/vanilla (no PhazeOut override),game/vanilla (no PhazeOut override)
Trader,TC_Backpack,1200,400,,,,game/vanilla (no PhazeOut override),game/vanilla (no PhazeOut override)
Trader,Tang_pants_01,110,36,,,,game/vanilla (no PhazeOut override),game/vanilla (no PhazeOut override)
Trader,Tang_pants_02,110,36,,,,game/vanilla (no PhazeOut override),game/vanilla (no PhazeOut override)
Trader,Tang_pants_03,110,36,,,,game/vanilla (no PhazeOut override),game/vanilla (no PhazeOut override)
Trader,Tang_pants_04,110,36,,,,game/vanilla (no PhazeOut override),game/vanilla (no PhazeOut override)
Trader,Tang_pants_05,330,137,,,,game/vanilla (no PhazeOut override),game/vanilla (no PhazeOut override)
Trader,Tang_shirt_01,55,18,,,,game/vanilla (no PhazeOut override),game/vanilla (no PhazeOut override)
Trader,Tang_shirt_02,55,18,,,,game/vanilla (no PhazeOut override),game/vanilla (no PhazeOut override)
Trader,Tang_shirt_03,55,18,,,,game/vanilla (no PhazeOut override),game/vanilla (no PhazeOut override)
Trader,Tang_shirt_04,55,18,,,,game/vanilla (no PhazeOut override),game/vanilla (no PhazeOut override)
Trader,Tang_shirt_05,330,137,,,,game/vanilla (no PhazeOut override),game/vanilla (no PhazeOut override)
Trader,Tangerine,30,20,,,,game/vanilla (no PhazeOut override),game/vanilla (no PhazeOut override)
Trader,Tea_Pack,400,41,,,,game/vanilla (no PhazeOut override),game/vanilla (no PhazeOut override)
Trader,Thermometer,500,208,,,,game/vanilla (no PhazeOut override),game/vanilla (no PhazeOut override)
Trader,Thread,150,15,,,,game/vanilla (no PhazeOut override),game/vanilla (no PhazeOut override)
Trader,Tights_01_01,440,146,,,,game/vanilla (no PhazeOut override),game/vanilla (no PhazeOut override)
Trader,Tights_01_02,440,146,,,,game/vanilla (no PhazeOut override),game/vanilla (no PhazeOut override)
Trader,Tights_01_03,440,146,,,,game/vanilla (no PhazeOut override),game/vanilla (no PhazeOut override)
Trader,Tights_01_04,440,146,,,,game/vanilla (no PhazeOut override),game/vanilla (no PhazeOut override)
Trader,Tights_01_05,440,146,,,,game/vanilla (no PhazeOut override),game/vanilla (no PhazeOut override)
Trader,Tights_01_06,440,146,,,,game/vanilla (no PhazeOut override),game/vanilla (no PhazeOut override)
Trader,Tinder,10,2,,,,game/vanilla (no PhazeOut override),game/vanilla (no PhazeOut override)
Trader,Toaster_Pastries,200,20,,,,game/vanilla (no PhazeOut override),game/vanilla (no PhazeOut override)
Trader,Toaster_Pastries2,200,30,,,,game/vanilla (no PhazeOut override),game/vanilla (no PhazeOut override)
Trader,Tobacco,150,31,,,,game/vanilla (no PhazeOut override),game/vanilla (no PhazeOut override)
Trader,Tobacco_Seed_Bag,165,36,,,,game/vanilla (no PhazeOut override),game/vanilla (no PhazeOut override)
Trader,Tomato,40,20,,,,game/vanilla (no PhazeOut override),game/vanilla (no PhazeOut override)
Trader,TomatoPelate,300,78,,,,game/vanilla (no PhazeOut override),game/vanilla (no PhazeOut override)
Trader,TomatoSauce,300,78,,,,game/vanilla (no PhazeOut override),game/vanilla (no PhazeOut override)
Trader,Tomato_Seed_Bag,165,36,,,,game/vanilla (no PhazeOut override),game/vanilla (no PhazeOut override)
Trader,Tool_Box,2000,416,,,,game/vanilla (no PhazeOut override),game/vanilla (no PhazeOut override)
Trader,Tool_Box_SMall,1000,208,,,,game/vanilla (no PhazeOut override),game/vanilla (no PhazeOut override)
Trader,Torch,27,3,,,,game/vanilla (no PhazeOut override),game/vanilla (no PhazeOut override)
Trader,Tracksuit_Pants_01_01,110,36,,,,game/vanilla (no PhazeOut override),game/vanilla (no PhazeOut override)
Trader,Tracksuit_Pants_01_02,110,36,,,,game/vanilla (no PhazeOut override),game/vanilla (no PhazeOut override)
Trader,Tracksuit_Pants_01_03,110,36,,,,game/vanilla (no PhazeOut override),game/vanilla (no PhazeOut override)
Trader,Tracksuit_Pants_01_04,110,36,,,,game/vanilla (no PhazeOut override),game/vanilla (no PhazeOut override)
Trader,Tracksuit_Pants_01_05,110,36,,,,game/vanilla (no PhazeOut override),game/vanilla (no PhazeOut override)
Trader,Tracksuit_Pants_02_01,110,36,,,,game/vanilla (no PhazeOut override),game/vanilla (no PhazeOut override)
Trader,Tracksuit_Pants_02_02,110,36,,,,game/vanilla (no PhazeOut override),game/vanilla (no PhazeOut override)
Trader,Tracksuit_Pants_02_03,110,36,,,,game/vanilla (no PhazeOut override),game/vanilla (no PhazeOut override)
Trader,Tracksuit_Pants_02_04,110,36,,,,game/vanilla (no PhazeOut override),game/vanilla (no PhazeOut override)
Trader,Tracksuit_Pants_02_05,110,36,,,,game/vanilla (no PhazeOut override),game/vanilla (no PhazeOut override)
Trader,Tracksuit_Top_01,330,110,,,,game/vanilla (no PhazeOut override),game/vanilla (no PhazeOut override)
Trader,Tracksuit_Top_02,330,110,,,,game/vanilla (no PhazeOut override),game/vanilla (no PhazeOut override)
Trader,Tracksuit_Top_03,330,110,,,,game/vanilla (no PhazeOut override),game/vanilla (no PhazeOut override)
Trader,Tracksuit_Top_04,330,110,,,,game/vanilla (no PhazeOut override),game/vanilla (no PhazeOut override)
Trader,Tracksuit_Top_05,330,110,,,,game/vanilla (no PhazeOut override),game/vanilla (no PhazeOut override)
Trader,Tree_Branches,55,6,,,,game/vanilla (no PhazeOut override),game/vanilla (no PhazeOut override)
Trader,Trucker_Jacket_01,550,183,,,,game/vanilla (no PhazeOut override),game/vanilla (no PhazeOut override)
Trader,Trucker_Jacket_02,550,183,,,,game/vanilla (no PhazeOut override),game/vanilla (no PhazeOut override)
Trader,Trucker_Jacket_03,550,183,,,,game/vanilla (no PhazeOut override),game/vanilla (no PhazeOut override)
Trader,Trucker_Jacket_04,550,183,,,,game/vanilla (no PhazeOut override),game/vanilla (no PhazeOut override)
Trader,TwD_Daredevil_Boots_01,800,266,,,,game/vanilla (no PhazeOut override),game/vanilla (no PhazeOut override)
Trader,TwD_Daredevil_Gloves_01,50,16,,,,game/vanilla (no PhazeOut override),game/vanilla (no PhazeOut override)
Trader,TwD_Daredevil_Helmet_01,330,110,,,,game/vanilla (no PhazeOut override),game/vanilla (no PhazeOut override)
Trader,TwD_Daredevil_Jacket_01,770,256,,,,game/vanilla (no PhazeOut override),game/vanilla (no PhazeOut override)
Trader,TwD_Daredevil_Pants_01,440,146,,,,game/vanilla (no PhazeOut override),game/vanilla (no PhazeOut override)
Trader,TwD_EnlistedMilitary_Cap_01,100,50,,,,game/vanilla (no PhazeOut override),game/vanilla (no PhazeOut override)
Trader,TwD_EnlistedMilitary_Jacket_01,100,50,,,,game/vanilla (no PhazeOut override),game/vanilla (no PhazeOut override)
Trader,TwD_EnlistedMilitary_Pants_01,100,50,,,,game/vanilla (no PhazeOut override),game/vanilla (no PhazeOut override)
Trader,TwD_Outback_Boots_01,800,266,,,,game/vanilla (no PhazeOut override),game/vanilla (no PhazeOut override)
Trader,TwD_Outback_Hat_01,220,73,,,,game/vanilla (no PhazeOut override),game/vanilla (no PhazeOut override)
Trader,TwD_Outback_Pants_01,440,146,,,,game/vanilla (no PhazeOut override),game/vanilla (no PhazeOut override)
Trader,TwD_Outback_Shirt_01,55,18,,,,game/vanilla (no PhazeOut override),game/vanilla (no PhazeOut override)
Trader,TwD_PinUp_Boots_01,1000,333,,,,game/vanilla (no PhazeOut override),game/vanilla (no PhazeOut override)
Trader,TwD_PinUp_Hat_01,110,36,,,,game/vanilla (no PhazeOut override),game/vanilla (no PhazeOut override)
Trader,TwD_PinUp_Jacket_01,550,183,,,,game/vanilla (no PhazeOut override),game/vanilla (no PhazeOut override)
Trader,TwD_PinUp_Pants_01,440,146,,,,game/vanilla (no PhazeOut override),game/vanilla (no PhazeOut override)
Trader,TwD_Punk_Boots_01,1200,400,,,,game/vanilla (no PhazeOut override),game/vanilla (no PhazeOut override)
Trader,TwD_Punk_Helmet_01,550,183,,,,game/vanilla (no PhazeOut override),game/vanilla (no PhazeOut override)
Trader,TwD_Punk_Jacket_01,440,146,,,,game/vanilla (no PhazeOut override),game/vanilla (no PhazeOut override)
Trader,TwD_Punk_Pants_01,440,146,,,,game/vanilla (no PhazeOut override),game/vanilla (no PhazeOut override)
Trader,TwD_Rastaman_Backpack_01,600,200,,,,game/vanilla (no PhazeOut override),game/vanilla (no PhazeOut override)
Trader,TwD_Rastaman_Hat_01,220,73,,,,game/vanilla (no PhazeOut override),game/vanilla (no PhazeOut override)
Trader,TwD_Rastaman_Pants_01,220,73,,,,game/vanilla (no PhazeOut override),game/vanilla (no PhazeOut override)
Trader,TwD_Rastaman_Shirt_01,110,36,,,,game/vanilla (no PhazeOut override),game/vanilla (no PhazeOut override)
Trader,TwD_Stellar_Santa_Balaclava_01,110,36,,,,game/vanilla (no PhazeOut override),game/vanilla (no PhazeOut override)
Trader,TwD_Stellar_Santa_Gloves_01,50,16,,,,game/vanilla (no PhazeOut override),game/vanilla (no PhazeOut override)
Trader,TwD_Stellar_Santa__Pants_01,100,50,,,,game/vanilla (no PhazeOut override),game/vanilla (no PhazeOut override)
Trader,TwD_Stellar_Santa__Sweater_01,100,50,,,,game/vanilla (no PhazeOut override),game/vanilla (no PhazeOut override)
Trader,TwD_ThMetal_Cap_01,110,36,,,,game/vanilla (no PhazeOut override),game/vanilla (no PhazeOut override)
Trader,TwD_ThMetal_Jacket_01,550,183,,,,game/vanilla (no PhazeOut override),game/vanilla (no PhazeOut override)
Trader,TwD_ThMetal_Pants_01,440,146,,,,game/vanilla (no PhazeOut override),game/vanilla (no PhazeOut override)
Trader,TwD_ThMetal_Sneakers_01,100,33,,,,game/vanilla (no PhazeOut override),game/vanilla (no PhazeOut override)
Trader,TwD_TheBirdCamo_Backpack_01,600,200,,,,game/vanilla (no PhazeOut override),game/vanilla (no PhazeOut override)
Trader,TwD_TheBirdCamo_Hat_01,220,73,,,,game/vanilla (no PhazeOut override),game/vanilla (no PhazeOut override)
Trader,TwD_TheBirdCamo_Jacket_01,1100,366,,,,game/vanilla (no PhazeOut override),game/vanilla (no PhazeOut override)
Trader,TwD_TheBirdCamo_Pants_01,660,220,,,,game/vanilla (no PhazeOut override),game/vanilla (no PhazeOut override)
Trader,TwD_YellowSuit_Glove_01,50,16,,,,game/vanilla (no PhazeOut override),game/vanilla (no PhazeOut override)
Trader,TwD_YellowSuit_Jacket_01,660,220,,,,game/vanilla (no PhazeOut override),game/vanilla (no PhazeOut override)
Trader,TwD_YellowSuit_Pants_01,440,146,,,,game/vanilla (no PhazeOut override),game/vanilla (no PhazeOut override)
Trader,TwD_YellowSuit_Sneakers_01,100,33,,,,game/vanilla (no PhazeOut override),game/vanilla (no PhazeOut override)
Trader,Tyrone_Shoelacez_Mask,2200,733,,,,game/vanilla (no PhazeOut override),game/vanilla (no PhazeOut override)
Trader,Underpants_01,50,16,,,,game/vanilla (no PhazeOut override),game/vanilla (no PhazeOut override)
Trader,Underpants_02,50,16,,,,game/vanilla (no PhazeOut override),game/vanilla (no PhazeOut override)
Trader,Underpants_03,50,16,,,,game/vanilla (no PhazeOut override),game/vanilla (no PhazeOut override)
Trader,Underpants_04,50,16,,,,game/vanilla (no PhazeOut override),game/vanilla (no PhazeOut override)
Trader,Underpants_05,50,16,,,,game/vanilla (no PhazeOut override),game/vanilla (no PhazeOut override)
Trader,Undershirt_01,50,16,,,,game/vanilla (no PhazeOut override),game/vanilla (no PhazeOut override)
Trader,Utility_Belt_01,500,166,,,,game/vanilla (no PhazeOut override),game/vanilla (no PhazeOut override)
Trader,VegetableOil,200,20,,,,game/vanilla (no PhazeOut override),game/vanilla (no PhazeOut override)
Trader,Vest_01,330,110,,,,game/vanilla (no PhazeOut override),game/vanilla (no PhazeOut override)
Trader,Vest_02,330,110,,,,game/vanilla (no PhazeOut override),game/vanilla (no PhazeOut override)
Trader,Vest_03,330,110,,,,game/vanilla (no PhazeOut override),game/vanilla (no PhazeOut override)
Trader,Vest_04,330,110,,,,game/vanilla (no PhazeOut override),game/vanilla (no PhazeOut override)
Trader,Vest_05,330,110,,,,game/vanilla (no PhazeOut override),game/vanilla (no PhazeOut override)
Trader,Vinegar,200,26,,,,game/vanilla (no PhazeOut override),game/vanilla (no PhazeOut override)
Trader,Vintage_Jail_Cap_01,110,36,,,,game/vanilla (no PhazeOut override),game/vanilla (no PhazeOut override)
Trader,Vintage_Jail_Pants_01,110,36,,,,game/vanilla (no PhazeOut override),game/vanilla (no PhazeOut override)
Trader,Vintage_Jail_Shirt_01,55,18,,,,game/vanilla (no PhazeOut override),game/vanilla (no PhazeOut override)
Trader,Waist_Bag_Small_01,300,100,,,,game/vanilla (no PhazeOut override),game/vanilla (no PhazeOut override)
Trader,Waist_Bag_Small_02,300,100,,,,game/vanilla (no PhazeOut override),game/vanilla (no PhazeOut override)
Trader,Waist_Bag_Small_03,300,100,,,,game/vanilla (no PhazeOut override),game/vanilla (no PhazeOut override)
Trader,Walnut,10,20,,,,game/vanilla (no PhazeOut override),game/vanilla (no PhazeOut override)
Trader,Wardrobe_Improvised_Wood,100,50,,,,game/vanilla (no PhazeOut override),game/vanilla (no PhazeOut override)
Trader,Water_Bucket,200,20,,,,game/vanilla (no PhazeOut override),game/vanilla (no PhazeOut override)
Trader,Water_Collector_Can,20,0,,,,game/vanilla (no PhazeOut override),game/vanilla (no PhazeOut override)
Trader,Water_Collector_PET,20,0,,,,game/vanilla (no PhazeOut override),game/vanilla (no PhazeOut override)
Trader,Water_Collector_Raincoat,1100,244,,,,game/vanilla (no PhazeOut override),game/vanilla (no PhazeOut override)
Trader,Water_Collector_WaterBottle,20,0,,,,game/vanilla (no PhazeOut override),game/vanilla (no PhazeOut override)
Trader,Watering_Can,407,90,,,,game/vanilla (no PhazeOut override),game/vanilla (no PhazeOut override)
Trader,Watermelon,100,20,,,,game/vanilla (no PhazeOut override),game/vanilla (no PhazeOut override)
Trader,Watermelon_Seed_Bag,165,36,,,,game/vanilla (no PhazeOut override),game/vanilla (no PhazeOut override)
Trader,Watermelon_slice,20,2,,,,game/vanilla (no PhazeOut override),game/vanilla (no PhazeOut override)
Trader,WeaponRack_Wall_Wood,100,50,,,,game/vanilla (no PhazeOut override),game/vanilla (no PhazeOut override)
Trader,WeaponRack_Wood,100,50,,,,game/vanilla (no PhazeOut override),game/vanilla (no PhazeOut override)
Trader,WhiteFlour,200,20,,,,game/vanilla (no PhazeOut override),game/vanilla (no PhazeOut override)
Trader,Wild_Cherry,20,20,,,,game/vanilla (no PhazeOut override),game/vanilla (no PhazeOut override)
Trader,Wild_Strawberry,20,13,,,,game/vanilla (no PhazeOut override),game/vanilla (no PhazeOut override)
Trader,WineCork,5,0,,,,game/vanilla (no PhazeOut override),game/vanilla (no PhazeOut override)
Trader,Wire,250,52,,,,game/vanilla (no PhazeOut override),game/vanilla (no PhazeOut override)
Trader,Wire_Cutters_01,400,41,,,,game/vanilla (no PhazeOut override),game/vanilla (no PhazeOut override)
Trader,Wolf_Hat_01,550,183,,,,game/vanilla (no PhazeOut override),game/vanilla (no PhazeOut override)
Trader,Woodcuters_Shirt_01,110,36,,,,game/vanilla (no PhazeOut override),game/vanilla (no PhazeOut override)
Trader,Woodcuters_Shirt_02,110,36,,,,game/vanilla (no PhazeOut override),game/vanilla (no PhazeOut override)
Trader,Woodcuters_Shirt_03,110,36,,,,game/vanilla (no PhazeOut override),game/vanilla (no PhazeOut override)
Trader,Wooden_Log_01,55,6,,,,game/vanilla (no PhazeOut override),game/vanilla (no PhazeOut override)
Trader,Wooden_Log_02,55,6,,,,game/vanilla (no PhazeOut override),game/vanilla (no PhazeOut override)
Trader,Wooden_Log_Small_01,11,1,,,,game/vanilla (no PhazeOut override),game/vanilla (no PhazeOut override)
Trader,Wooden_Log_Small_02,11,1,,,,game/vanilla (no PhazeOut override),game/vanilla (no PhazeOut override)
Trader,Wooden_Log_Small_03,11,1,,,,game/vanilla (no PhazeOut override),game/vanilla (no PhazeOut override)
Trader,Wooden_Plank,55,1,,,,game/vanilla (no PhazeOut override),game/vanilla (no PhazeOut override)
Trader,Wooden_Stick,1,0,,,,game/vanilla (no PhazeOut override),game/vanilla (no PhazeOut override)
Trader,Wooden_Sticks_Bundle_Large,55,2,,,,game/vanilla (no PhazeOut override),game/vanilla (no PhazeOut override)
Trader,Wooden_Sticks_Bundle_Meduim,33,1,,,,game/vanilla (no PhazeOut override),game/vanilla (no PhazeOut override)
Trader,Wool_Gloves_01_01,50,16,,,,game/vanilla (no PhazeOut override),game/vanilla (no PhazeOut override)
Trader,Wool_Gloves_01_02,50,16,,,,game/vanilla (no PhazeOut override),game/vanilla (no PhazeOut override)
Trader,Wool_Gloves_01_03,50,16,,,,game/vanilla (no PhazeOut override),game/vanilla (no PhazeOut override)
Trader,Wool_Gloves_01_04,50,16,,,,game/vanilla (no PhazeOut override),game/vanilla (no PhazeOut override)
Trader,Wool_Gloves_01_05,50,16,,,,game/vanilla (no PhazeOut override),game/vanilla (no PhazeOut override)
Trader,Wool_Gloves_01_06,50,16,,,,game/vanilla (no PhazeOut override),game/vanilla (no PhazeOut override)
Trader,Wool_Gloves_01_07,50,16,,,,game/vanilla (no PhazeOut override),game/vanilla (no PhazeOut override)
Trader,Work_Jacket_01,550,183,,,,game/vanilla (no PhazeOut override),game/vanilla (no PhazeOut override)
Trader,Work_Jacket_02,550,183,,,,game/vanilla (no PhazeOut override),game/vanilla (no PhazeOut override)
Trader,Work_Jacket_03,550,183,,,,game/vanilla (no PhazeOut override),game/vanilla (no PhazeOut override)
Trader,Working_Helmet_01,60,24,,,,game/vanilla (no PhazeOut override),game/vanilla (no PhazeOut override)
Trader,Working_Helmet_02,60,24,,,,game/vanilla (no PhazeOut override),game/vanilla (no PhazeOut override)
Trader,Working_Helmet_03,60,24,,,,game/vanilla (no PhazeOut override),game/vanilla (no PhazeOut override)
Trader,Working_Helmet_04,60,24,,,,game/vanilla (no PhazeOut override),game/vanilla (no PhazeOut override)
Trader,Working_pants_01_01,550,183,,,,game/vanilla (no PhazeOut override),game/vanilla (no PhazeOut override)
Trader,Working_pants_01_02,550,183,,,,game/vanilla (no PhazeOut override),game/vanilla (no PhazeOut override)
Trader,Working_pants_01_03,550,183,,,,game/vanilla (no PhazeOut override),game/vanilla (no PhazeOut override)
Trader,Yeast,300,39,,,,game/vanilla (no PhazeOut override),game/vanilla (no PhazeOut override)
Trader,Zucchini,50,20,,,,game/vanilla (no PhazeOut override),game/vanilla (no PhazeOut override)
Trader,Zucchini_Seed_Bag,165,36,,,,game/vanilla (no PhazeOut override),game/vanilla (no PhazeOut override)
